;id;name;primary_attr;attack_type;roles;img;icon;base_health;base_health_regen;base_mana;base_mana_regen;base_armor;base_mr;base_attack_min;base_attack_max;base_str;base_agi;base_int;str_gain;agi_gain;int_gain;attack_range;projectile_speed;attack_rate;base_attack_time;attack_point;move_speed;turn_rate;cm_enabled;legs;day_vision;night_vision;localized_name;1_pick;1_win;2_pick;2_win;3_pick;3_win;4_pick;4_win;5_pick;5_win;6_pick;6_win;7_pick;7_win;8_pick;8_win;turbo_picks;turbo_picks_trend;turbo_wins;turbo_wins_trend;pro_pick;pro_win;pro_ban;pub_pick;pub_pick_trend;pub_win;pub_win_trend;pos1_pick;pos1_win;pos2_pick;pos2_win;pos3_pick;pos3_win;pos4_pick;pos4_win;pos5_pick;pos5_win
0;1;npc_dota_hero_antimage;agi;Melee;['Carry', 'Escape', 'Nuker'];/apps/dota2/images/dota_react/heroes/antimage.png?;/apps/dota2/images/dota_react/heroes/icons/antimage.png?;120;0.75;75;0;1;25;29;33;19;24;12;1.6;2.8;1.8;150;0;1.4;100;0.3;310;;True;;1800;800;Anti-Mage;17727;8931;64482;33331;105861;54856;113151;58737;80407;41384;43046;22105;22361;11336;11298;5547;149115;[27688, 26792, 22161, 22143, 21960, 23350, 5021];78759;[14668, 14191, 11766, 11620, 11508, 12386, 2620];191;91;370;503476;[88452, 87287, 74586, 73783, 78896, 81652, 18820];258981;[45374, 45083, 38019, 37820, 40662, 42190, 9833];0.937;0.516;0.027;0.523;0.02;0.461;0.005;0.401;0.01;0.379
1;2;npc_dota_hero_axe;str;Melee;['Initiator', 'Durable', 'Disabler', 'Carry'];/apps/dota2/images/dota_react/heroes/axe.png?;/apps/dota2/images/dota_react/heroes/icons/axe.png?;120;2.5;75;0;0;25;30;34;25;20;18;2.8;1.7;1.6;150;900;1.7;100;0.4;315;;True;;1800;800;Axe;21317;11621;77097;41564;123013;64920;124039;64530;81120;41463;39508;19815;17371;8836;5941;2891;193546;[34333, 34853, 28943, 28968, 29250, 30200, 6999];104236;[18409, 18729, 15558, 15443, 15796, 16533, 3768];224;88;195;541516;[93148, 94435, 79464, 78964, 84755, 89500, 21250];283735;[48501, 49371, 41533, 41166, 44367, 47547, 11250];0.019;0.49;0.028;0.531;0.915;0.52;0.029;0.466;0.009;0.464
2;3;npc_dota_hero_bane;all;Ranged;['Support', 'Disabler', 'Nuker', 'Durable'];/apps/dota2/images/dota_react/heroes/bane.png?;/apps/dota2/images/dota_react/heroes/icons/bane.png?;120;0.25;75;0;1;25;-1;5;23;23;23;2.5;2.5;2.5;400;900;1.7;100;0.3;305;;True;;1800;1200;Bane;4005;1884;12978;6307;20504;10142;22917;11576;17334;8952;10251;5377;5817;3063;3428;1805;48227;[8449, 8321, 7609, 7493, 7253, 7410, 1692];22815;[3977, 3919, 3598, 3509, 3497, 3508, 807];113;54;62;107452;[18744, 18891, 16204, 15570, 16350, 17519, 4174];54084;[9355, 9505, 8199, 7838, 8177, 8854, 2156];0.006;0.433;0.164;0.499;0.019;0.494;0.31;0.51;0.5;0.502
3;4;npc_dota_hero_bloodseeker;agi;Melee;['Carry', 'Disabler', 'Nuker', 'Initiator'];/apps/dota2/images/dota_react/heroes/bloodseeker.png?;/apps/dota2/images/dota_react/heroes/icons/bloodseeker.png?;120;0.25;75;0;2;25;35;41;24;22;17;2.7;3.1;2;150;900;1.7;100;0.43;300;;True;;1800;800;Bloodseeker;9454;4593;22419;11116;26598;13042;23211;11373;14211;6961;6863;3414;3210;1625;1434;715;71819;[13313, 13084, 10797, 10567, 10464, 11180, 2414];34390;[6399, 6324, 5160, 5040, 4914, 5384, 1169];91;32;69;133077;[23371, 23245, 19602, 19132, 20239, 21761, 5727];65626;[11356, 11434, 9630, 9302, 9973, 11055, 2876];0.571;0.489;0.198;0.498;0.168;0.472;0.036;0.463;0.028;0.446
4;5;npc_dota_hero_crystal_maiden;int;Ranged;['Support', 'Disabler', 'Nuker'];/apps/dota2/images/dota_react/heroes/crystal_maiden.png?;/apps/dota2/images/dota_react/heroes/icons/crystal_maiden.png?;120;0.25;75;0.5;0;25;30;36;17;16;18;2.2;1.6;3.3;600;900;1.7;100;0.45;280;;True;;1800;800;Crystal Maiden;21371;11206;69994;35709;102170;51343;99571;49540;65745;31961;33247;16146;15980;7676;6734;3323;181698;[34272, 33815, 27122, 26613, 26286, 27872, 5718];90551;[16954, 16856, 13401, 13336, 13203, 13963, 2838];204;89;16;458960;[82404, 81669, 67390, 66086, 70607, 73225, 17579];229661;[41183, 40748, 33950, 33036, 35349, 36572, 8823];0.005;0.379;0.008;0.432;0.005;0.415;0.239;0.496;0.743;0.495
5;6;npc_dota_hero_drow_ranger;agi;Ranged;['Carry', 'Disabler', 'Pusher'];/apps/dota2/images/dota_react/heroes/drow_ranger.png?;/apps/dota2/images/dota_react/heroes/icons/drow_ranger.png?;120;0.25;75;0;0;25;29;36;16;20;15;1.9;2.9;1.4;625;1250;1.7;100;0.5;300;0.7;True;;1800;800;Drow Ranger;23150;11958;72405;37832;107130;56330;105112;55230;68504;35759;32939;17021;14252;7227;4172;2128;259566;[47082, 47507, 38996, 38713, 38848, 39605, 8815];140245;[25498, 25676, 21222, 21047, 20792, 21305, 4705];156;60;182;480926;[84391, 84624, 71394, 69409, 75210, 76777, 19121];250385;[43840, 44154, 37197, 35965, 38965, 40233, 10031];0.826;0.528;0.118;0.507;0.022;0.479;0.014;0.452;0.021;0.447
6;7;npc_dota_hero_earthshaker;str;Melee;['Support', 'Initiator', 'Disabler', 'Nuker'];/apps/dota2/images/dota_react/heroes/earthshaker.png?;/apps/dota2/images/dota_react/heroes/icons/earthshaker.png?;120;1;75;0;2;25;27;37;22;12;18;3.7;1.4;2.1;150;0;1.7;100;0.467;315;0.9;True;;1800;800;Earthshaker;15842;7663;50768;24514;78926;38585;84823;42283;61270;30935;32488;16671;15644;8035;6593;3402;173691;[31042, 30748, 25829, 26081, 26223, 27692, 6076];82887;[14900, 14778, 12333, 12428, 12332, 13245, 2871];133;63;82;390168;[67121, 66726, 58162, 56582, 61296, 63818, 16463];193790;[33220, 33127, 29147, 28028, 30171, 31792, 8305];0.016;0.42;0.122;0.492;0.33;0.466;0.381;0.521;0.151;0.497
7;8;npc_dota_hero_juggernaut;agi;Melee;['Carry', 'Pusher', 'Escape'];/apps/dota2/images/dota_react/heroes/juggernaut.png?;/apps/dota2/images/dota_react/heroes/icons/juggernaut.png?;120;0.5;75;0;0;25;20;22;20;34;14;2.2;2.8;1.4;150;0;1.4;110;0.33;300;;True;;1800;800;Juggernaut;20077;9904;68731;34805;110881;57044;115689;59953;77855;40565;38231;19734;16376;8342;4723;2282;222492;[40605, 40194, 33189, 32779, 32937, 34715, 8073];112502;[20417, 20468, 16762, 16505, 16649, 17571, 4130];147;73;99;507516;[88193, 88408, 75067, 74031, 78860, 81360, 21597];259515;[45239, 45267, 38348, 37648, 40254, 41664, 11095];0.936;0.518;0.018;0.446;0.03;0.446;0.006;0.407;0.01;0.4
8;9;npc_dota_hero_mirana;all;Ranged;['Carry', 'Support', 'Escape', 'Nuker', 'Disabler'];/apps/dota2/images/dota_react/heroes/mirana.png?;/apps/dota2/images/dota_react/heroes/icons/mirana.png?;120;0.25;75;0.4;-2;25;-5;-1;20;24;22;1.7;2.5;1.4;630;900;1.7;100;0.35;290;;True;;1800;800;Mirana;6288;2961;27235;13128;48440;23328;51486;24807;35103;16982;17881;8668;8150;3865;4035;1938;77760;[14516, 14231, 11552, 11532, 11482, 11599, 2848];37923;[7113, 6810, 5567, 5658, 5579, 5781, 1415];93;49;53;217414;[38305, 37871, 31552, 31206, 33628, 35177, 9675];104818;[18544, 18216, 15185, 15046, 16067, 17032, 4728];0.026;0.429;0.067;0.445;0.049;0.424;0.579;0.496;0.279;0.475
9;10;npc_dota_hero_morphling;agi;Ranged;['Carry', 'Escape', 'Durable', 'Nuker', 'Disabler'];/apps/dota2/images/dota_react/heroes/morphling.png?;/apps/dota2/images/dota_react/heroes/icons/morphling.png?;120;0.5;75;0.5;-2;25;9;18;23;24;19;3.2;3.9;1.8;350;1300;1.5;100;0.5;285;0.7;True;;1800;800;Morphling;10360;4943;35255;17068;56429;26661;63525;30111;49682;23132;29739;13555;17434;8049;10039;4592;123896;[23631, 22372, 18221, 18046, 18209, 19581, 3836];59984;[11360, 10816, 8773, 8838, 8861, 9462, 1874];194;92;391;302035;[54352, 52608, 44236, 43773, 46262, 49813, 10991];142448;[25803, 24720, 20610, 20592, 21849, 23598, 5276];0.796;0.481;0.178;0.47;0.011;0.436;0.005;0.346;0.01;0.362
10;11;npc_dota_hero_nevermore;agi;Ranged;['Carry', 'Nuker'];/apps/dota2/images/dota_react/heroes/nevermore.png?;/apps/dota2/images/dota_react/heroes/icons/nevermore.png?;120;0.25;75;0.3;1;25;16;22;19;25;18;2.7;3.5;2.2;525;1200;1.6;100;0.5;305;0.9;True;;1800;800;Shadow Fiend;18521;8924;54376;26212;83745;40469;84585;40553;55375;26434;26090;12258;10572;4879;3328;1513;228810;[41767, 40341, 34103, 33986, 34038, 37355, 7220];108905;[19922, 19116, 16438, 16033, 16278, 17631, 3487];192;100;109;389533;[68171, 67156, 57498, 56732, 60935, 64004, 15037];186397;[32434, 32141, 27561, 27242, 28902, 30815, 7302];0.264;0.507;0.68;0.484;0.025;0.436;0.018;0.437;0.014;0.426
11;12;npc_dota_hero_phantom_lancer;agi;Melee;['Carry', 'Escape', 'Pusher', 'Nuker'];/apps/dota2/images/dota_react/heroes/phantom_lancer.png?;/apps/dota2/images/dota_react/heroes/icons/phantom_lancer.png?;120;2;75;0;-1;25;26;36;19;26;21;2.2;2.8;1.8;225;900;1.7;100;0.5;285;;True;;1800;800;Phantom Lancer;12064;6045;38893;19640;55633;28457;51759;26317;32678;16506;15340;7741;7398;3625;3169;1587;88899;[16342, 16247, 13065, 13269, 13081, 13690, 3205];46372;[8437, 8508, 6811, 6867, 6885, 7196, 1668];141;78;285;244554;[43227, 42413, 35838, 35675, 38049, 39620, 9732];123734;[21754, 21495, 18208, 18095, 19285, 19948, 4949];0.918;0.513;0.023;0.486;0.036;0.443;0.009;0.422;0.014;0.386
12;13;npc_dota_hero_puck;int;Ranged;['Initiator', 'Disabler', 'Escape', 'Nuker'];/apps/dota2/images/dota_react/heroes/puck.png?;/apps/dota2/images/dota_react/heroes/icons/puck.png?;120;0.5;75;0.5;-3;25;22;30;17;22;23;2.4;2.5;3.8;550;900;1.7;100;0.5;290;0.9;True;;1800;800;Puck;6401;2984;25512;12038;54681;25749;75774;36432;67172;32567;40366;19529;21876;10808;11909;5882;109218;[20614, 19897, 16028, 15806, 15714, 17411, 3748];51872;[9865, 9344, 7541, 7548, 7530, 8228, 1816];271;136;671;326926;[58211, 57064, 47826, 46892, 50107, 54161, 12665];157147;[27962, 27235, 22960, 22571, 24268, 26057, 6094];0.007;0.457;0.939;0.484;0.017;0.45;0.025;0.437;0.012;0.419
13;14;npc_dota_hero_pudge;str;Melee;['Disabler', 'Initiator', 'Durable', 'Nuker'];/apps/dota2/images/dota_react/heroes/pudge.png?;/apps/dota2/images/dota_react/heroes/icons/pudge.png?;120;1.75;75;0;-1;25;45;51;25;14;16;3;1.4;1.8;175;0;1.7;100;0.5;280;0.7;True;;1800;800;Pudge;31591;16049;122477;61554;204622;103194;215410;107982;152312;75835;83089;41316;42995;21120;18268;8816;603998;[109278, 108123, 90856, 90459, 89776, 94485, 21021];307529;[55666, 55066, 46309, 45998, 45828, 47850, 10812];396;201;192;955017;[168156, 166370, 141010, 139833, 148775, 152858, 38015];478669;[84226, 83387, 70823, 70069, 74730, 76519, 18915];0.035;0.519;0.157;0.519;0.24;0.516;0.337;0.481;0.231;0.477
14;15;npc_dota_hero_razor;agi;Ranged;['Carry', 'Durable', 'Nuker', 'Pusher'];/apps/dota2/images/dota_react/heroes/razor.png?;/apps/dota2/images/dota_react/heroes/icons/razor.png?;120;1;75;0;0;25;23;25;22;24;21;2.8;2.8;2.2;475;2000;1.7;100;0.3;280;;True;;1800;800;Razor;9365;4618;25288;12302;37315;18276;42240;20479;32034;15484;18531;8955;9719;4550;4619;2159;80600;[14937, 14615, 11773, 12089, 11948, 12303, 2935];39998;[7348, 7323, 5865, 5998, 5878, 6136, 1450];153;75;123;203475;[37546, 35999, 29824, 28823, 31062, 31753, 8468];98882;[18391, 17463, 14431, 13979, 15051, 15437, 4130];0.209;0.468;0.253;0.481;0.481;0.492;0.037;0.464;0.02;0.448
15;16;npc_dota_hero_sand_king;all;Melee;['Initiator', 'Disabler', 'Support', 'Nuker', 'Escape'];/apps/dota2/images/dota_react/heroes/sand_king.png?;/apps/dota2/images/dota_react/heroes/icons/sand_king.png?;120;0.25;75;0;1;25;1;9;22;19;17;2.7;1.8;1.8;150;900;1.7;110;0.53;290;;True;;1800;800;Sand King;11854;6992;35742;20523;48051;26808;46014;24890;30132;16145;14522;7510;6538;3379;2188;1120;119912;[21638, 21730, 17742, 17881, 17949, 18627, 4345];71077;[12855, 13003, 10468, 10565, 10609, 11022, 2555];103;46;69;222505;[38769, 38563, 32994, 32381, 34433, 36481, 8884];123256;[21462, 21424, 18364, 17975, 19145, 20009, 4877];0.02;0.539;0.104;0.572;0.638;0.55;0.158;0.538;0.08;0.528
16;17;npc_dota_hero_storm_spirit;int;Ranged;['Carry', 'Escape', 'Nuker', 'Initiator', 'Disabler'];/apps/dota2/images/dota_react/heroes/storm_spirit.png?;/apps/dota2/images/dota_react/heroes/icons/storm_spirit.png?;120;0.5;75;0.6;1;25;24;34;21;22;23;2;2.6;3.9;480;1100;1.6;115;0.5;285;0.8;True;;1800;800;Storm Spirit;7772;3670;24823;11751;43065;20474;50941;24132;41046;19880;23617;11420;12352;6016;5967;2826;97923;[18490, 17563, 14448, 14614, 14342, 15212, 3254];47695;[8952, 8579, 7070, 7113, 6953, 7464, 1564];157;77;208;229787;[40953, 39728, 33956, 33700, 35272, 37192, 8986];109779;[19361, 18933, 16252, 16010, 16798, 18073, 4352];0.008;0.42;0.96;0.474;0.011;0.421;0.013;0.403;0.009;0.39
17;18;npc_dota_hero_sven;str;Melee;['Carry', 'Disabler', 'Initiator', 'Durable', 'Nuker'];/apps/dota2/images/dota_react/heroes/sven.png?;/apps/dota2/images/dota_react/heroes/icons/sven.png?;120;0.75;75;0;0;25;37;39;22;21;16;3.2;2.2;1.5;150;0;1.9;110;0.4;325;;True;;1800;800;Sven;8549;4057;25651;12062;34566;16252;33608;15919;23041;10700;11567;5378;5903;2735;2950;1363;66619;[12182, 11673, 9822, 10084, 9989, 10454, 2415];31332;[5633, 5514, 4620, 4750, 4636, 5036, 1143];112;56;38;170555;[29676, 28383, 24414, 25727, 27112, 27780, 7463];80311;[13954, 13349, 11452, 12131, 12682, 13187, 3556];0.755;0.474;0.03;0.478;0.176;0.443;0.021;0.444;0.017;0.431
18;19;npc_dota_hero_tiny;str;Melee;['Carry', 'Nuker', 'Pusher', 'Initiator', 'Durable', 'Disabler'];/apps/dota2/images/dota_react/heroes/tiny.png?;/apps/dota2/images/dota_react/heroes/icons/tiny.png?;120;1.5;75;0;0;25;31;37;30;0;17;4;0;2.2;150;900;1.7;90;0.4;285;;True;;1800;800;Tiny;6570;3009;20897;9436;34598;15673;41218;18691;34236;15942;22187;10609;13024;6221;9616;4746;79385;[14751, 14531, 11700, 11332, 11248, 12906, 2917];35764;[6642, 6602, 5291, 5073, 5011, 5841, 1304];273;139;125;203334;[35793, 34750, 29199, 28752, 30307, 35419, 9114];94028;[16551, 15903, 13330, 13226, 14131, 16544, 4343];0.042;0.441;0.215;0.478;0.286;0.436;0.363;0.47;0.094;0.458
19;20;npc_dota_hero_vengefulspirit;all;Ranged;['Support', 'Initiator', 'Disabler', 'Nuker', 'Escape'];/apps/dota2/images/dota_react/heroes/vengefulspirit.png?;/apps/dota2/images/dota_react/heroes/icons/vengefulspirit.png?;120;0.25;75;0;0;25;9;15;20;21;19;2.1;2.1;1.2;400;1500;1.7;110;0.33;295;;True;;1800;800;Vengeful Spirit;11722;6135;48327;25582;90541;48209;112558;59989;91842;49360;54592;29089;29855;15741;18329;9611;116324;[21089, 21083, 17599, 17566, 17669, 17539, 3779];63152;[11390, 11466, 9711, 9582, 9614, 9371, 2018];775;401;714;485992;[86935, 85139, 71951, 72383, 77383, 74765, 17436];258535;[46383, 45660, 38329, 38833, 41220, 39007, 9103];0.008;0.443;0.023;0.519;0.035;0.554;0.371;0.54;0.563;0.536
20;21;npc_dota_hero_windrunner;all;Ranged;['Carry', 'Support', 'Disabler', 'Escape', 'Nuker'];/apps/dota2/images/dota_react/heroes/windrunner.png?;/apps/dota2/images/dota_react/heroes/icons/windrunner.png?;120;0.25;75;0.25;0;25;7;13;18;19;21;2;1.4;2.4;600;1250;1.5;90;0.4;290;0.8;True;;1800;800;Windranger;16763;8011;55172;25670;88813;41595;102624;48525;79118;37766;45479;22047;24682;11993;13377;6509;174580;[32288, 32259, 25874, 25644, 25527, 26731, 6257];81960;[15263, 14921, 12211, 11953, 11961, 12675, 2976];420;233;590;470277;[82985, 82589, 69352, 68310, 72283, 75473, 19285];223606;[39304, 39147, 32928, 32502, 34375, 36135, 9215];0.129;0.48;0.36;0.467;0.175;0.487;0.237;0.465;0.1;0.447
21;22;npc_dota_hero_zuus;int;Ranged;['Nuker', 'Carry'];/apps/dota2/images/dota_react/heroes/zuus.png?;/apps/dota2/images/dota_react/heroes/icons/zuus.png?;120;0.25;75;0;2;25;33;41;19;11;22;2.1;1.2;3.3;380;1100;1.7;100;0.35;315;;True;;1800;800;Zeus;18100;9347;61781;31944;100965;52679;108086;56201;75593;39037;38859;20056;18921;9656;8246;4147;252788;[46490, 45683, 38093, 37555, 37452, 38753, 8762];128690;[23531, 23049, 19383, 19146, 19097, 19925, 4559];201;101;226;477616;[83162, 84182, 70422, 69826, 73724, 76493, 19807];246586;[42587, 43154, 36116, 35881, 38255, 40222, 10371];0.016;0.473;0.565;0.502;0.027;0.478;0.258;0.531;0.134;0.515
22;23;npc_dota_hero_kunkka;str;Melee;['Carry', 'Support', 'Disabler', 'Initiator', 'Durable', 'Nuker'];/apps/dota2/images/dota_react/heroes/kunkka.png?;/apps/dota2/images/dota_react/heroes/icons/kunkka.png?;120;0.75;75;0;2;25;26;36;24;14;18;3.8;1.6;1.8;150;900;1.7;100;0.4;315;;True;;1800;800;Kunkka;6877;3289;23551;11137;39734;19478;45546;22749;33374;16857;17360;8833;7974;4004;3159;1557;63303;[11539, 11474, 9429, 9522, 9325, 9784, 2230];29726;[5434, 5437, 4446, 4401, 4359, 4634, 1015];128;63;130;197534;[34583, 34590, 28858, 28828, 30461, 31839, 8375];97631;[17028, 16987, 14061, 14226, 15153, 15938, 4238];0.023;0.414;0.385;0.494;0.497;0.492;0.067;0.504;0.028;0.491
23;25;npc_dota_hero_lina;int;Ranged;['Support', 'Carry', 'Nuker', 'Disabler'];/apps/dota2/images/dota_react/heroes/lina.png?;/apps/dota2/images/dota_react/heroes/icons/lina.png?;120;0.25;75;0;0;25;21;29;20;23;30;2.4;2.4;3.8;670;1000;1.6;100;0.65;290;;True;;1800;800;Lina;20090;9146;54146;24435;80862;36443;83479;38135;59518;27517;30795;14105;15124;7102;7057;3309;160813;[29464, 29282, 23789, 23695, 23852, 25383, 5348];71489;[12998, 12925, 10561, 10482, 10651, 11410, 2462];254;130;586;398608;[70709, 70155, 58006, 57106, 62786, 64419, 15427];181971;[32251, 31912, 26184, 26162, 28695, 29558, 7209];0.087;0.461;0.594;0.454;0.024;0.407;0.182;0.464;0.114;0.441
24;26;npc_dota_hero_lion;int;Ranged;['Support', 'Disabler', 'Nuker', 'Initiator'];/apps/dota2/images/dota_react/heroes/lion.png?;/apps/dota2/images/dota_react/heroes/icons/lion.png?;120;0.5;75;0;0;25;29;35;18;15;20;2.2;1.5;3.5;600;900;1.7;115;0.43;290;;True;;1800;800;Lion;29596;14576;111589;54370;186472;90758;203718;100204;147675;73234;78989;39460;39880;20054;19152;9597;311273;[57675, 57124, 47074, 46424, 46462, 46267, 10247];145904;[27086, 26785, 22012, 21854, 21880, 21560, 4727];731;348;791;885589;[156886, 155652, 131683, 129900, 139213, 137586, 34669];436359;[78065, 76720, 64836, 64538, 68628, 66885, 16687];0.004;0.367;0.032;0.448;0.006;0.404;0.351;0.496;0.607;0.491
25;27;npc_dota_hero_shadow_shaman;int;Ranged;['Support', 'Pusher', 'Disabler', 'Nuker', 'Initiator'];/apps/dota2/images/dota_react/heroes/shadow_shaman.png?;/apps/dota2/images/dota_react/heroes/icons/shadow_shaman.png?;120;1;75;0;3;25;40;47;23;16;25;2.3;1.6;3.5;400;900;1.7;90;0.3;285;;True;;1800;800;Shadow Shaman;22929;11959;76768;39786;115771;60619;112528;58597;74610;39077;37039;19440;17050;8917;6629;3486;196743;[35444, 36287, 29533, 29630, 29000, 29946, 6903];103593;[18731, 19191, 15488, 15548, 15314, 15717, 3604];232;107;86;511817;[89525, 90499, 75316, 74378, 79443, 81614, 21042];267484;[46889, 47309, 39215, 38958, 41470, 42581, 11062];0.008;0.418;0.019;0.495;0.01;0.45;0.305;0.527;0.658;0.525
26;28;npc_dota_hero_slardar;str;Melee;['Carry', 'Durable', 'Initiator', 'Disabler', 'Escape'];/apps/dota2/images/dota_react/heroes/slardar.png?;/apps/dota2/images/dota_react/heroes/icons/slardar.png?;120;0.5;75;0;3;25;30;38;21;17;15;3.6;2.4;1.5;150;0;1.7;100;0.36;300;;True;;1800;800;Slardar;17601;9130;56714;29687;84953;44024;85478;44320;58228;30215;28975;14967;14042;7145;5604;2875;128743;[23818, 23485, 19182, 19296, 18897, 19685, 4380];68942;[12787, 12454, 10197, 10213, 10278, 10647, 2366];281;141;243;393704;[70063, 68945, 57882, 57066, 61109, 62744, 15895];204815;[36154, 35776, 30093, 29680, 31628, 33084, 8400];0.047;0.501;0.065;0.55;0.847;0.513;0.03;0.467;0.012;0.475
27;29;npc_dota_hero_tidehunter;str;Melee;['Initiator', 'Durable', 'Disabler', 'Nuker', 'Carry'];/apps/dota2/images/dota_react/heroes/tidehunter.png?;/apps/dota2/images/dota_react/heroes/icons/tidehunter.png?;120;0.25;75;0.5;0;25;25;31;27;15;18;3.5;1.5;1.7;150;900;1.7;100;0.6;300;;True;;1800;800;Tidehunter;8258;4158;33191;17331;60464;32091;69965;37238;52037;27669;28187;15006;14687;7746;7039;3692;77191;[14113, 14417, 11507, 11061, 11279, 12001, 2813];40335;[7360, 7522, 6112, 5839, 5916, 6120, 1466];242;123;120;295407;[49918, 52096, 43225, 43027, 47747, 47539, 11855];155992;[26435, 27749, 23082, 22763, 25294, 24633, 6036];0.011;0.477;0.028;0.518;0.884;0.539;0.052;0.487;0.025;0.491
28;30;npc_dota_hero_witch_doctor;int;Ranged;['Support', 'Nuker', 'Disabler'];/apps/dota2/images/dota_react/heroes/witch_doctor.png?;/apps/dota2/images/dota_react/heroes/icons/witch_doctor.png?;120;0.25;75;0;0;25;26;36;20;13;22;2.1;1.4;3.1;550;1200;1.7;100;0.4;300;;True;;1800;800;Witch Doctor;26832;14922;103159;57951;168572;93987;175838;96552;118938;63797;57093;29852;25218;13062;6968;3547;295572;[53737, 54494, 44513, 44309, 44074, 44602, 9843];168965;[30851, 31184, 25593, 25515, 25235, 25363, 5224];323;148;249;737475;[129261, 130320, 109708, 108248, 116357, 115430, 28151];403736;[70700, 71778, 60214, 59336, 64036, 62835, 14837];0.005;0.453;0.023;0.524;0.01;0.479;0.327;0.554;0.635;0.547
29;31;npc_dota_hero_lich;int;Ranged;['Support', 'Nuker'];/apps/dota2/images/dota_react/heroes/lich.png?;/apps/dota2/images/dota_react/heroes/icons/lich.png?;120;0.5;75;0.75;-1;25;24;33;20;17;26;2.1;2;3.8;550;900;1.7;100;0.46;290;0.7;True;;1800;800;Lich;10215;5417;36544;18899;60853;31300;68245;34916;50829;25888;27644;13999;12963;6433;4806;2357;94910;[17432, 17630, 14213, 13971, 14039, 14347, 3278];49804;[9111, 9404, 7471, 7283, 7290, 7521, 1724];289;152;117;295413;[52155, 52639, 43163, 42838, 45749, 47374, 11495];151320;[26759, 27068, 21946, 21935, 23342, 24299, 5971];0.004;0.404;0.006;0.441;0.005;0.41;0.297;0.508;0.688;0.51
30;32;npc_dota_hero_riki;agi;Melee;['Carry', 'Escape', 'Disabler'];/apps/dota2/images/dota_react/heroes/riki.png?;/apps/dota2/images/dota_react/heroes/icons/riki.png?;120;2.5;75;0;0;25;27;31;18;30;14;2;2.4;1.3;150;900;1.7;90;0.3;315;;True;;1800;800;Riki;13848;7179;40501;21478;54026;28692;47331;25194;28442;15068;12924;6767;5863;3018;2284;1196;123470;[22316, 22385, 18552, 18550, 18279, 19205, 4183];64056;[11542, 11701, 9596, 9597, 9506, 9923, 2191];71;31;100;239559;[42360, 42452, 35397, 34554, 37091, 38504, 9201];126396;[22472, 22500, 18600, 18258, 19474, 20279, 4813];0.618;0.525;0.154;0.555;0.099;0.511;0.083;0.496;0.046;0.472
31;33;npc_dota_hero_enigma;all;Ranged;['Disabler', 'Initiator', 'Pusher'];/apps/dota2/images/dota_react/heroes/enigma.png?;/apps/dota2/images/dota_react/heroes/icons/enigma.png?;120;0.25;75;0.5;1;25;7;13;21;14;19;2.5;1;3.6;500;900;1.7;100;0.4;290;;True;;1800;800;Enigma;6311;2996;19084;9306;28403;13753;28513;14169;19799;9922;10644;5409;5991;3177;4198;2256;100929;[19280, 18123, 15082, 14844, 14629, 15918, 3053];48731;[9216, 8784, 7320, 7155, 7033, 7700, 1523];110;60;110;141114;[26010, 25087, 20667, 19947, 21583, 22705, 5115];69524;[13012, 12362, 10166, 9842, 10568, 11062, 2512];0.021;0.417;0.025;0.475;0.21;0.503;0.442;0.502;0.303;0.501
32;34;npc_dota_hero_tinker;int;Ranged;['Carry', 'Nuker', 'Pusher'];/apps/dota2/images/dota_react/heroes/tinker.png?;/apps/dota2/images/dota_react/heroes/icons/tinker.png?;120;0.25;75;0.75;2;25;22;28;19;17;30;2.3;1.4;3.3;500;900;1.7;100;0.35;290;;True;;1800;800;Tinker;5039;2141;15117;6736;22428;10426;23682;11500;17154;8545;9100;4534;4947;2536;2660;1384;79253;[14524, 14221, 11874, 11797, 11639, 12731, 2467];35329;[6503, 6231, 5341, 5362, 5151, 5671, 1070];60;25;188;117364;[20692, 20679, 17417, 17153, 18135, 19197, 4091];55501;[9778, 9830, 8211, 8193, 8583, 9000, 1906];0.006;0.428;0.921;0.502;0.01;0.437;0.039;0.393;0.024;0.365
33;35;npc_dota_hero_sniper;agi;Ranged;['Carry', 'Nuker'];/apps/dota2/images/dota_react/heroes/sniper.png?;/apps/dota2/images/dota_react/heroes/icons/sniper.png?;120;0.25;75;0;-1;25;13;19;19;27;15;2;3.2;2.6;550;3000;1.7;100;0.17;285;0.7;True;;1800;1400;Sniper;32363;16411;109199;55512;167683;85769;165161;83707;103477;52173;45700;22915;17979;8906;5036;2413;384675;[69768, 69449, 57558, 57665, 57496, 59639, 13100];196275;[35618, 35424, 29459, 29474, 29131, 30365, 6804];189;98;297;728703;[127538, 128064, 107563, 105725, 113597, 116534, 29682];369132;[64651, 65047, 54598, 53349, 57236, 59135, 15116];0.2;0.501;0.616;0.513;0.041;0.473;0.101;0.488;0.042;0.472
34;36;npc_dota_hero_necrolyte;int;Ranged;['Carry', 'Nuker', 'Durable', 'Disabler'];/apps/dota2/images/dota_react/heroes/necrolyte.png?;/apps/dota2/images/dota_react/heroes/icons/necrolyte.png?;120;0.25;75;0;2;25;26;30;18;12;21;2.3;1.3;2.7;500;1200;1.7;100;0.3;280;;True;;1800;800;Necrophos;14151;7568;52097;27359;81480;42280;82495;42137;53252;26509;24471;12051;9777;4727;2698;1230;118855;[21666, 21588, 18146, 17423, 17612, 18335, 4085];61838;[11176, 11278, 9397, 8933, 9180, 9727, 2147];125;60;141;352558;[61687, 61039, 51757, 51501, 54902, 56873, 14799];180920;[31563, 31276, 26490, 26086, 27935, 29797, 7773];0.02;0.487;0.563;0.515;0.32;0.502;0.063;0.481;0.034;0.474
35;37;npc_dota_hero_warlock;int;Ranged;['Support', 'Initiator', 'Disabler'];/apps/dota2/images/dota_react/heroes/warlock.png?;/apps/dota2/images/dota_react/heroes/icons/warlock.png?;120;0.25;75;0;1;25;24;34;22;10;25;2.8;1;3.1;600;1200;1.7;90;0.3;300;;True;;1800;800;Warlock;6958;3710;30364;16488;57184;30721;63682;33947;43947;23030;21297;10845;8892;4490;2803;1370;74476;[13599, 13583, 11139, 11179, 11070, 11120, 2786];39658;[7293, 7206, 5930, 5984, 5863, 5885, 1497];83;45;52;252413;[44214, 44144, 37130, 36676, 39451, 40298, 10500];133552;[23276, 23400, 19783, 19385, 20761, 21352, 5595];0.011;0.477;0.011;0.477;0.014;0.46;0.341;0.54;0.624;0.529
36;38;npc_dota_hero_beastmaster;all;Melee;['Initiator', 'Disabler', 'Durable', 'Nuker'];/apps/dota2/images/dota_react/heroes/beastmaster.png?;/apps/dota2/images/dota_react/heroes/icons/beastmaster.png?;120;0.25;75;0;-1;25;5;9;25;18;16;2.9;1.6;1.2;150;0;1.7;100;0.3;305;;True;;1800;800;Beastmaster;1079;454;3221;1394;5409;2439;6059;2733;4336;1908;2536;1147;1520;704;1013;479;18905;[3347, 3455, 2891, 2870, 2799, 2861, 682];7911;[1398, 1481, 1175, 1209, 1200, 1171, 277];47;25;75;28933;[4752, 5131, 4286, 4131, 4279, 5111, 1243];12970;[2095, 2271, 1920, 1865, 2002, 2261, 556];0.021;0.418;0.114;0.463;0.727;0.462;0.092;0.432;0.046;0.411
37;39;npc_dota_hero_queenofpain;int;Ranged;['Carry', 'Nuker', 'Escape'];/apps/dota2/images/dota_react/heroes/queenofpain.png?;/apps/dota2/images/dota_react/heroes/icons/queenofpain.png?;120;0.25;75;0;0;25;26;32;18;22;25;2.4;2.5;3.4;550;1500;1.5;100;0.56;290;;True;;1800;800;Queen of Pain;7514;3484;29071;13432;53430;24660;64371;29972;49414;23213;27874;13166;14117;6741;6829;3285;97256;[17802, 17451, 14316, 14465, 14614, 15071, 3537];44490;[8162, 7996, 6706, 6512, 6640, 6897, 1577];181;91;261;274677;[48025, 47782, 40419, 39934, 42461, 43995, 12061];128464;[22553, 22445, 18793, 18622, 19822, 20562, 5667];0.013;0.439;0.796;0.465;0.036;0.455;0.107;0.459;0.048;0.449
38;40;npc_dota_hero_venomancer;all;Ranged;['Support', 'Nuker', 'Initiator', 'Pusher', 'Disabler'];/apps/dota2/images/dota_react/heroes/venomancer.png?;/apps/dota2/images/dota_react/heroes/icons/venomancer.png?;120;0.25;75;0;0;25;-1;2;19;24;19;2;2;1.4;450;900;1.7;115;0.3;280;;True;;1800;800;Venomancer;8601;4508;34889;17795;61526;31961;69723;36419;50232;26196;27791;14541;14090;7354;7345;3892;111329;[19899, 20497, 16780, 16672, 16573, 16960, 3948];56490;[10116, 10459, 8546, 8495, 8343, 8523, 2008];115;69;105;295755;[51556, 51846, 43426, 43254, 46134, 47476, 12063];153511;[26830, 26841, 22560, 22311, 23902, 24809, 6258];0.01;0.425;0.026;0.453;0.048;0.471;0.452;0.522;0.464;0.524
39;41;npc_dota_hero_faceless_void;agi;Melee;['Carry', 'Initiator', 'Disabler', 'Escape', 'Durable'];/apps/dota2/images/dota_react/heroes/faceless_void.png?;/apps/dota2/images/dota_react/heroes/icons/faceless_void.png?;120;1;75;0;1;25;37;43;20;19;15;2.6;3;1.5;150;900;1.7;100;0.5;300;0.9;True;;1800;800;Faceless Void;21181;10198;74004;35894;120117;59343;129090;65140;94226;48120;51819;26698;27369;14339;15188;7941;215896;[40733, 39286, 31928, 32436, 32193, 32009, 7311];110025;[21054, 20029, 16377, 16629, 16391, 15812, 3733];347;178;804;586499;[105235, 103085, 87954, 86798, 93641, 87443, 22343];293956;[52959, 51956, 44305, 43842, 47686, 42229, 10979];0.942;0.505;0.014;0.482;0.028;0.472;0.006;0.42;0.011;0.412
40;42;npc_dota_hero_skeleton_king;str;Melee;['Carry', 'Support', 'Durable', 'Disabler', 'Initiator'];/apps/dota2/images/dota_react/heroes/skeleton_king.png?;/apps/dota2/images/dota_react/heroes/icons/skeleton_king.png?;120;0.5;75;0;-1;25;38;40;22;16;18;2.8;1.7;1.6;150;0;1.7;100;0.56;315;;True;;1800;800;Wraith King;13487;7045;47563;24759;75476;39250;72860;37179;43435;21455;17628;8603;6210;2985;1808;832;141546;[26325, 26004, 21104, 20826, 20641, 21625, 5021];77366;[14318, 14116, 11591, 11344, 11291, 11974, 2732];97;48;45;311249;[55110, 55006, 45490, 44860, 47845, 50074, 12864];158990;[28052, 27835, 23069, 22769, 24350, 26225, 6690];0.329;0.513;0.026;0.506;0.602;0.517;0.029;0.448;0.014;0.44
41;43;npc_dota_hero_death_prophet;int;Ranged;['Carry', 'Pusher', 'Nuker', 'Disabler'];/apps/dota2/images/dota_react/heroes/death_prophet.png?;/apps/dota2/images/dota_react/heroes/icons/death_prophet.png?;120;0.25;75;0.5;1;25;23;33;21;16;24;2.9;2;3;600;1000;1.7;100;0.5;290;0.8;True;;1800;800;Death Prophet;7250;3811;22777;12093;36229;19730;40473;21875;29878;16070;16430;8764;8817;4681;4442;2374;45364;[8351, 8142, 6676, 6687, 6831, 7130, 1547];23657;[4316, 4246, 3528, 3535, 3585, 3650, 797];203;92;283;183520;[33093, 32677, 26923, 26790, 29010, 27848, 7179];98305;[17724, 17749, 14588, 14498, 15548, 14516, 3682];0.009;0.479;0.463;0.545;0.415;0.549;0.071;0.499;0.041;0.493
42;44;npc_dota_hero_phantom_assassin;agi;Melee;['Carry', 'Escape'];/apps/dota2/images/dota_react/heroes/phantom_assassin.png?;/apps/dota2/images/dota_react/heroes/icons/phantom_assassin.png?;120;1;75;0;1;25;31;33;19;21;15;2;3.2;1.7;150;900;1.7;100;0.3;310;0.8;True;;1800;800;Phantom Assassin;26635;12681;82444;38224;118217;54629;109331;49272;64803;28836;27962;12345;10888;4828;3062;1376;321008;[57677, 57167, 47552, 47207, 46741, 52731, 11933];159641;[28251, 28365, 23210, 23255, 23109, 27425, 6026];91;38;75;510303;[87410, 88216, 72973, 71503, 76576, 90787, 22838];233861;[39554, 40085, 33033, 32196, 34787, 43345, 10861];0.868;0.452;0.065;0.451;0.03;0.413;0.014;0.38;0.023;0.371
43;45;npc_dota_hero_pugna;int;Ranged;['Nuker', 'Pusher'];/apps/dota2/images/dota_react/heroes/pugna.png?;/apps/dota2/images/dota_react/heroes/icons/pugna.png?;120;0.25;75;0.5;0;25;21;28;19;21;26;2;1.3;5.2;630;900;1.7;100;0.5;330;;True;;1800;800;Pugna;10566;4762;29121;13614;42204;20196;44128;21552;32737;15939;18725;9434;10449;5280;6722;3496;74101;[13793, 13639, 11102, 11001, 10600, 11481, 2485];33178;[6186, 6076, 5048, 4921, 4712, 5091, 1144];279;174;123;218289;[39123, 38385, 32118, 31550, 33426, 35032, 8655];105355;[18951, 18249, 15390, 15231, 16133, 17098, 4303];0.007;0.385;0.165;0.467;0.028;0.431;0.42;0.496;0.38;0.485
44;46;npc_dota_hero_templar_assassin;agi;Ranged;['Carry', 'Escape'];/apps/dota2/images/dota_react/heroes/templar_assassin.png?;/apps/dota2/images/dota_react/heroes/icons/templar_assassin.png?;120;0.25;75;0;0;25;30;36;23;23;20;2.4;3.2;2;200;900;1.7;100;0.3;310;0.7;True;;1800;800;Templar Assassin;8202;3533;23014;9544;32839;13830;34091;14570;25214;11063;14446;6423;7796;3527;4599;2118;65646;[12509, 12067, 9590, 9560, 9680, 10188, 2052];28102;[5419, 5159, 4071, 4082, 4154, 4353, 864];158;68;210;171878;[32087, 30573, 24893, 24387, 25859, 27545, 6534];74309;[13832, 13152, 10620, 10654, 11043, 12128, 2880];0.359;0.437;0.616;0.434;0.013;0.395;0.006;0.351;0.006;0.345
45;47;npc_dota_hero_viper;agi;Ranged;['Carry', 'Durable', 'Initiator', 'Disabler'];/apps/dota2/images/dota_react/heroes/viper.png?;/apps/dota2/images/dota_react/heroes/icons/viper.png?;120;0.25;75;0;-2;25;27;29;21;21;17;2.4;2.7;2;575;1200;1.7;120;0.33;275;;True;;1800;800;Viper;21711;11210;62592;32898;90236;47564;92114;48836;62706;33213;32222;17140;15633;8129;7105;3666;188670;[34482, 34492, 28282, 28459, 27879, 28952, 6124];99444;[18179, 18377, 14932, 15052, 14696, 14975, 3233];302;139;620;434340;[77703, 76839, 65174, 63914, 67609, 66143, 16958];228573;[40977, 40764, 34508, 33990, 35498, 34126, 8710];0.077;0.512;0.467;0.537;0.366;0.53;0.059;0.504;0.032;0.51
46;48;npc_dota_hero_luna;agi;Ranged;['Carry', 'Nuker', 'Pusher'];/apps/dota2/images/dota_react/heroes/luna.png?;/apps/dota2/images/dota_react/heroes/icons/luna.png?;120;0.5;75;0;2;25;26;32;21;24;23;2.2;3.4;1.9;330;900;1.7;100;0.35;325;;True;;1800;800;Luna;12164;6121;41538;20681;68685;33977;80597;39853;64628;32331;39138;19432;22384;11275;13262;6605;108095;[20148, 20091, 16175, 16103, 15673, 16037, 3868];53720;[9872, 10067, 8083, 8020, 7810, 7987, 1881];380;178;288;375907;[66964, 65223, 57059, 55162, 58066, 58735, 14698];187178;[33488, 32268, 28316, 27490, 28743, 29615, 7258];0.88;0.507;0.062;0.477;0.021;0.448;0.02;0.455;0.016;0.432
47;49;npc_dota_hero_dragon_knight;str;Melee;['Carry', 'Pusher', 'Durable', 'Disabler', 'Initiator', 'Nuker'];/apps/dota2/images/dota_react/heroes/dragon_knight.png?;/apps/dota2/images/dota_react/heroes/icons/dragon_knight.png?;120;0.25;75;0;0;25;34;40;21;16;18;3.6;2;1.7;150;900;1.6;100;0.5;315;;True;;1800;800;Dragon Knight;15636;8671;65197;36063;116822;64276;139282;76547;108424;58956;61972;33343;32258;17103;18292;9444;116174;[22366, 21497, 17381, 17243, 17922, 16042, 3723];63324;[12413, 11798, 9475, 9484, 9745, 8451, 1958];573;307;1067;597783;[108129, 104915, 90069, 90222, 98609, 83988, 21851];326108;[59584, 57747, 49725, 49689, 54194, 43931, 11238];0.108;0.554;0.245;0.576;0.632;0.541;0.011;0.462;0.005;0.456
48;50;npc_dota_hero_dazzle;all;Ranged;['Support', 'Nuker', 'Disabler'];/apps/dota2/images/dota_react/heroes/dazzle.png?;/apps/dota2/images/dota_react/heroes/icons/dazzle.png?;120;0.25;75;0.3;0;25;3;9;18;20;25;2;1.4;2.8;575;1200;1.7;100;0.3;305;0.7;True;;1800;800;Dazzle;10511;5161;42348;21054;72643;36118;73300;36281;46690;23015;21667;10659;8480;4114;2847;1421;125666;[23384, 23368, 18885, 18440, 18057, 19316, 4216];65548;[12290, 12148, 9806, 9683, 9449, 9943, 2229];129;60;183;302827;[54581, 53828, 44388, 43471, 46510, 48612, 11437];150018;[27066, 26575, 21954, 21522, 22957, 24225, 5719];0.009;0.429;0.09;0.513;0.026;0.464;0.266;0.489;0.61;0.496
49;51;npc_dota_hero_rattletrap;all;Melee;['Initiator', 'Disabler', 'Durable', 'Nuker'];/apps/dota2/images/dota_react/heroes/rattletrap.png?;/apps/dota2/images/dota_react/heroes/icons/rattletrap.png?;120;0.5;75;0;1;25;8;10;27;13;18;3.1;2.1;1.7;150;900;1.7;100;0.33;310;;True;;1800;800;Clockwerk;2746;1368;11284;5561;21397;10521;25944;12896;19516;9455;10901;5378;5404;2652;2301;1089;47042;[8741, 8677, 6947, 6988, 6969, 7078, 1642];23900;[4436, 4364, 3527, 3594, 3522, 3628, 829];83;50;72;108659;[19081, 18873, 16020, 15561, 16942, 17386, 4796];53558;[9401, 9273, 7890, 7632, 8372, 8569, 2421];0.008;0.449;0.048;0.469;0.236;0.479;0.446;0.494;0.262;0.492
50;52;npc_dota_hero_leshrac;int;Ranged;['Carry', 'Support', 'Nuker', 'Pusher', 'Disabler'];/apps/dota2/images/dota_react/heroes/leshrac.png?;/apps/dota2/images/dota_react/heroes/icons/leshrac.png?;120;0.25;75;0;0;25;27;31;20;23;22;2.8;2.8;3.5;575;900;1.7;100;0.4;325;;True;4;1800;800;Leshrac;2425;1228;6975;3403;9120;4420;8065;3922;4936;2272;2413;1183;1070;514;520;281;34154;[6013, 5850, 4891, 4907, 4914, 6231, 1348];18281;[3153, 3095, 2574, 2592, 2651, 3481, 735];27;15;23;42116;[6840, 6727, 5449, 5530, 5737, 9527, 2306];20447;[3267, 3202, 2565, 2681, 2735, 4845, 1152];0.028;0.447;0.443;0.482;0.149;0.458;0.228;0.467;0.151;0.447
51;53;npc_dota_hero_furion;int;Ranged;['Carry', 'Pusher', 'Escape', 'Nuker'];/apps/dota2/images/dota_react/heroes/furion.png?;/apps/dota2/images/dota_react/heroes/icons/furion.png?;120;0.25;75;0;0;25;27;37;19;14;22;2.6;3.2;3.5;620;1125;1.5;100;0.4;295;0.9;True;;1800;800;Nature's Prophet;22422;10746;76445;36045;119770;55842;127656;60666;94344;45723;53189;26169;29637;14819;16610;8296;213768;[39041, 39689, 32340, 31880, 31719, 32218, 6881];99802;[18285, 18596, 15101, 14854, 14911, 14850, 3205];304;178;736;591325;[103669, 103593, 89188, 87636, 93488, 91105, 22646];283082;[49914, 49889, 42694, 42508, 45056, 42328, 10693];0.028;0.457;0.122;0.479;0.062;0.451;0.514;0.488;0.274;0.48
52;54;npc_dota_hero_life_stealer;str;Melee;['Carry', 'Durable', 'Escape', 'Disabler'];/apps/dota2/images/dota_react/heroes/life_stealer.png?;/apps/dota2/images/dota_react/heroes/icons/life_stealer.png?;120;0.25;75;0;1;25;22;28;25;19;15;2.4;2.6;1.8;150;900;1.7;120;0.39;320;0.9;True;;1800;800;Lifestealer;9830;4670;33067;16052;54820;27057;57464;28811;38859;19607;19374;9844;8486;4294;2684;1341;109815;[20030, 20146, 16327, 16028, 16157, 17420, 3707];55185;[10040, 10062, 8160, 8056, 8110, 8856, 1901];149;68;175;254111;[43334, 43436, 36983, 36887, 39312, 42691, 11468];125882;[21420, 21215, 18119, 18178, 19374, 21603, 5973];0.755;0.512;0.021;0.476;0.193;0.453;0.019;0.42;0.014;0.415
53;55;npc_dota_hero_dark_seer;all;Melee;['Initiator', 'Escape', 'Disabler'];/apps/dota2/images/dota_react/heroes/dark_seer.png?;/apps/dota2/images/dota_react/heroes/icons/dark_seer.png?;120;1;75;0;2;25;7;13;22;19;21;2.6;1.8;2.7;150;900;1.7;100;0.59;295;;True;;1800;800;Dark Seer;2299;1094;7895;4073;12656;6595;14284;7364;11370;5995;7089;3755;4403;2364;2360;1272;41391;[7722, 7717, 6283, 6134, 5906, 6149, 1480];21776;[4049, 4088, 3339, 3236, 3110, 3169, 785];60;32;79;69023;[12363, 12343, 10191, 10006, 10609, 10715, 2796];35898;[6539, 6459, 5346, 5130, 5499, 5462, 1463];0.017;0.487;0.039;0.49;0.667;0.534;0.195;0.514;0.081;0.522
54;56;npc_dota_hero_clinkz;agi;Ranged;['Carry', 'Escape', 'Pusher'];/apps/dota2/images/dota_react/heroes/clinkz.png?;/apps/dota2/images/dota_react/heroes/icons/clinkz.png?;120;0.25;75;0;0;25;19;25;17;25;21;2;2.7;2.2;600;900;1.7;100;0.4;290;;True;;1800;800;Clinkz;14902;7486;39070;20114;50309;26458;44962;23533;29152;15100;15133;7778;7517;3917;3195;1650;134670;[24018, 24326, 20129, 20582, 19999, 21134, 4482];69600;[12432, 12462, 10383, 10671, 10279, 11042, 2331];73;37;50;238376;[41926, 41725, 35210, 34356, 37144, 39123, 8892];123569;[21593, 21795, 18056, 17728, 19260, 20492, 4645];0.231;0.521;0.366;0.549;0.068;0.495;0.261;0.511;0.075;0.501
55;57;npc_dota_hero_omniknight;str;Melee;['Support', 'Durable', 'Nuker'];/apps/dota2/images/dota_react/heroes/omniknight.png?;/apps/dota2/images/dota_react/heroes/icons/omniknight.png?;120;0.25;75;0;2;25;31;41;23;15;16;3.1;2;2.1;150;900;1.7;100;0.433;315;;True;;1800;800;Omniknight;4245;2082;16168;7757;28081;13445;31229;14881;21750;10473;11743;5694;5486;2705;2626;1284;60722;[10428, 10399, 8565, 9257, 9317, 10435, 2321];29923;[5202, 5031, 4158, 4595, 4544, 5204, 1189];68;35;45;134173;[22257, 21998, 18402, 19715, 20919, 24988, 5894];64628;[10651, 10581, 8860, 9420, 9937, 12285, 2894];0.037;0.469;0.137;0.474;0.557;0.475;0.141;0.483;0.129;0.49
56;58;npc_dota_hero_enchantress;int;Ranged;['Support', 'Pusher', 'Durable', 'Disabler'];/apps/dota2/images/dota_react/heroes/enchantress.png?;/apps/dota2/images/dota_react/heroes/icons/enchantress.png?;120;0.25;75;0;1;25;21;31;17;19;22;2;2.1;3.8;575;900;1.7;100;0.3;320;;True;;1800;800;Enchantress;7710;3656;20760;9535;25138;11419;22682;10403;14896;6615;8061;3632;4606;2077;3192;1500;65016;[11762, 12121, 9923, 9823, 9465, 9858, 2064];31342;[5645, 5789, 4840, 4690, 4609, 4758, 1011];90;40;96;122868;[21976, 22166, 18045, 18033, 18980, 19339, 4329];56566;[10084, 10215, 8309, 8298, 8698, 8946, 2016];0.018;0.401;0.106;0.488;0.068;0.46;0.413;0.455;0.395;0.444
57;59;npc_dota_hero_huskar;str;Ranged;['Carry', 'Durable', 'Initiator'];/apps/dota2/images/dota_react/heroes/huskar.png?;/apps/dota2/images/dota_react/heroes/icons/huskar.png?;120;0.25;75;0;0;25;21;26;23;10;18;3.3;1.5;1.5;400;1400;1.6;100;0.3;295;;True;;1800;800;Huskar;14323;6800;32627;14951;40323;18702;37114;17843;26234;12829;14020;7023;8165;4111;5461;2717;102694;[18885, 18469, 15319, 14985, 14985, 16469, 3582];50323;[9152, 8997, 7447, 7359, 7392, 8217, 1759];140;61;395;215018;[37729, 37373, 31577, 30941, 32704, 35622, 9072];102778;[17927, 17724, 15029, 14647, 15377, 17581, 4493];0.046;0.429;0.691;0.496;0.213;0.434;0.032;0.417;0.017;0.424
58;60;npc_dota_hero_night_stalker;str;Melee;['Carry', 'Initiator', 'Durable', 'Disabler', 'Nuker'];/apps/dota2/images/dota_react/heroes/night_stalker.png?;/apps/dota2/images/dota_react/heroes/icons/night_stalker.png?;120;2;75;0.25;2;25;40;44;23;18;15;3;2.2;1.6;150;900;1.7;100;0.55;295;;True;;800;1800;Night Stalker;4114;2004;14900;7194;25831;12956;29911;15233;23096;12096;12657;6581;5967;2991;2385;1240;34529;[6401, 6144, 5174, 5165, 5045, 5353, 1247];16330;[2996, 2944, 2409, 2456, 2382, 2557, 586];103;61;110;130981;[23046, 22833, 19385, 18876, 19990, 21285, 5566];66243;[11567, 11552, 9663, 9455, 10188, 10964, 2854];0.024;0.46;0.06;0.522;0.885;0.505;0.023;0.438;0.008;0.462
59;61;npc_dota_hero_broodmother;all;Melee;['Carry', 'Pusher', 'Escape', 'Nuker'];/apps/dota2/images/dota_react/heroes/broodmother.png?;/apps/dota2/images/dota_react/heroes/icons/broodmother.png?;120;0.25;75;0;-1;25;9;15;19;18;18;2.3;2.6;1.4;175;900;1.7;125;0.4;285;;True;;1800;800;Broodmother;2316;979;6301;2729;8074;3489;7794;3568;5569;2656;3387;1694;2238;1152;1807;975;26913;[4960, 4923, 4005, 3968, 3988, 4233, 836];10241;[1917, 1835, 1524, 1546, 1533, 1587, 299];54;25;149;44559;[8024, 7728, 6728, 6461, 6919, 7207, 1492];20204;[3637, 3426, 3005, 2980, 3194, 3271, 691];0.049;0.381;0.696;0.523;0.215;0.401;0.024;0.33;0.015;0.319
60;62;npc_dota_hero_bounty_hunter;agi;Melee;['Escape', 'Nuker'];/apps/dota2/images/dota_react/heroes/bounty_hunter.png?;/apps/dota2/images/dota_react/heroes/icons/bounty_hunter.png?;120;0.75;75;0.5;5;25;33;41;19;21;22;2.5;2.6;1.9;150;900;1.5;100;0.59;325;;True;;1800;1000;Bounty Hunter;19517;9691;55710;27364;75868;36799;72225;35119;46390;22704;23842;11769;11232;5586;4998;2502;224977;[40067, 40429, 33649, 34173, 33586, 35507, 7566];109370;[19385, 19657, 16253, 16567, 16305, 17512, 3691];63;24;40;357002;[60741, 61049, 52548, 53934, 56761, 57567, 14402];175237;[30016, 29803, 25787, 26295, 27759, 28365, 7212];0.051;0.442;0.217;0.49;0.117;0.462;0.455;0.496;0.159;0.472
61;63;npc_dota_hero_weaver;agi;Ranged;['Carry', 'Escape'];/apps/dota2/images/dota_react/heroes/weaver.png?;/apps/dota2/images/dota_react/heroes/icons/weaver.png?;120;1.25;75;0.5;1;25;37;43;16;17;20;2;3.1;2;425;900;1.8;120;0.55;275;;True;;1800;800;Weaver;14334;6794;40908;19066;55495;25898;51775;24433;33027;15580;16757;8074;8003;3802;3798;1879;127718;[22721, 22791, 19601, 19520, 19003, 19673, 4409];62467;[11095, 11075, 9571, 9647, 9373, 9522, 2184];147;72;140;259062;[46241, 45719, 38699, 37557, 39832, 40522, 10492];122764;[21770, 21827, 18226, 17661, 18883, 19390, 5007];0.613;0.474;0.143;0.46;0.108;0.464;0.089;0.478;0.047;0.446
62;64;npc_dota_hero_jakiro;int;Ranged;['Support', 'Nuker', 'Pusher', 'Disabler'];/apps/dota2/images/dota_react/heroes/jakiro.png?;/apps/dota2/images/dota_react/heroes/icons/jakiro.png?;120;0.25;75;0;1;25;27;35;25;15;26;2.5;1.2;3;400;1100;1.7;100;0.4;290;;True;;1800;800;Jakiro;12402;6631;54099;29055;101057;53456;115340;60119;81421;42195;40821;20808;18257;9110;5890;2892;141199;[26258, 26238, 21221, 20999, 20380, 21256, 4847];74190;[13902, 13745, 11100, 10975, 10717, 11189, 2562];392;208;121;462056;[81393, 81138, 68004, 67276, 71548, 73815, 18882];241512;[42592, 42366, 35690, 34947, 37230, 38800, 9887];0.005;0.437;0.044;0.494;0.016;0.468;0.338;0.528;0.597;0.522
63;65;npc_dota_hero_batrider;all;Ranged;['Initiator', 'Disabler', 'Escape'];/apps/dota2/images/dota_react/heroes/batrider.png?;/apps/dota2/images/dota_react/heroes/icons/batrider.png?;120;1.75;75;0;2;25;-4;0;28;15;22;2.2;1.4;2;400;900;1.7;100;0.3;330;0.9;True;;1600;800;Batrider;1490;678;4704;2004;8616;3683;10623;4632;9327;4061;6489;2983;4249;2017;4687;2292;21665;[4066, 3856, 3259, 3196, 3206, 3346, 736];8487;[1653, 1490, 1269, 1271, 1282, 1244, 278];136;74;139;55467;[10125, 9670, 8088, 8195, 8663, 8642, 2084];24697;[4467, 4257, 3621, 3653, 3933, 3803, 963];0.008;0.376;0.137;0.429;0.142;0.412;0.42;0.457;0.293;0.451
64;66;npc_dota_hero_chen;all;Ranged;['Support', 'Pusher'];/apps/dota2/images/dota_react/heroes/chen.png?;/apps/dota2/images/dota_react/heroes/icons/chen.png?;120;0.25;75;0.5;-1;25;9;16;23;15;19;2;2.1;3.2;650;1100;1.7;100;0.5;305;;True;;1800;800;Chen;995;447;3022;1332;4995;2262;5580;2586;5065;2516;3673;1868;2306;1204;2838;1452;20182;[3860, 3645, 3081, 2866, 2997, 3095, 638];8357;[1596, 1539, 1266, 1184, 1237, 1257, 278];56;35;196;31804;[5693, 5475, 4731, 4723, 5044, 5002, 1136];15155;[2764, 2550, 2216, 2269, 2457, 2344, 555];0.022;0.357;0.026;0.375;0.021;0.41;0.213;0.482;0.718;0.516
65;67;npc_dota_hero_spectre;agi;Melee;['Carry', 'Durable', 'Escape'];/apps/dota2/images/dota_react/heroes/spectre.png?;/apps/dota2/images/dota_react/heroes/icons/spectre.png?;120;1;75;0;0;25;23;27;21;25;16;2.5;2.1;1.7;150;900;1.7;90;0.3;290;;True;;1800;800;Spectre;10650;5630;43556;22806;72508;36899;74684;37082;49280;24011;23759;11386;9969;4772;3478;1721;107801;[19515, 19544, 16171, 16112, 15721, 16658, 4080];58448;[10686, 10606, 8827, 8639, 8416, 9078, 2196];139;65;124;312100;[54233, 54558, 46265, 45598, 48400, 49916, 13130];157063;[27056, 27435, 23258, 22884, 24281, 25486, 6663];0.876;0.493;0.049;0.5;0.052;0.484;0.008;0.45;0.015;0.429
66;68;npc_dota_hero_ancient_apparition;int;Ranged;['Support', 'Disabler', 'Nuker'];/apps/dota2/images/dota_react/heroes/ancient_apparition.png?;/apps/dota2/images/dota_react/heroes/icons/ancient_apparition.png?;120;0.25;75;0;-1;25;21;31;20;20;23;1.9;2.2;3.1;675;1250;1.7;100;0.45;285;;True;;1800;800;Ancient Apparition;9102;4534;35050;17552;58864;29567;61958;31189;42481;21354;21521;10862;9658;4809;4327;2123;130916;[23826, 23888, 20038, 19520, 19163, 19986, 4495];67162;[12275, 12225, 10202, 9992, 9917, 10336, 2215];151;65;125;264262;[46382, 46853, 38895, 38134, 41312, 42181, 10505];132717;[23272, 23569, 19613, 19242, 20502, 21160, 5359];0.007;0.401;0.076;0.479;0.012;0.426;0.354;0.506;0.55;0.499
67;69;npc_dota_hero_doom_bringer;str;Melee;['Carry', 'Disabler', 'Initiator', 'Durable', 'Nuker'];/apps/dota2/images/dota_react/heroes/doom_bringer.png?;/apps/dota2/images/dota_react/heroes/icons/doom_bringer.png?;120;0.25;75;0;2;25;34;44;24;15;15;3.7;1.5;1.7;200;900;1.9;100;0.5;290;;True;;1800;800;Doom;5414;2574;22972;11163;42082;20520;51862;25661;43946;22215;27806;14017;16392;8366;11958;6201;44713;[7540, 8203, 7149, 6794, 6995, 6435, 1597];21681;[3646, 4027, 3510, 3320, 3412, 3014, 752];248;132;1037;237968;[38879, 40512, 37663, 37052, 40277, 34694, 8891];118391;[19445, 20262, 18913, 18727, 20412, 16414, 4218];0.012;0.443;0.065;0.486;0.843;0.504;0.056;0.5;0.023;0.493
68;70;npc_dota_hero_ursa;agi;Melee;['Carry', 'Durable', 'Disabler'];/apps/dota2/images/dota_react/heroes/ursa.png?;/apps/dota2/images/dota_react/heroes/icons/ursa.png?;120;1;75;0;1;25;24;28;25;18;16;2.6;2.8;1.5;150;900;1.7;100;0.3;310;;True;;1800;800;Ursa;9560;4452;28631;13311;46778;22387;53292;26065;40474;19785;22753;11313;12219;6194;6034;3055;95902;[17392, 17369, 14483, 14372, 14093, 14790, 3403];47389;[8595, 8520, 7119, 7201, 6885, 7378, 1691];216;111;334;249943;[43181, 43498, 36817, 36602, 39385, 40026, 10434];121042;[20829, 21112, 17787, 17517, 19020, 19644, 5133];0.842;0.487;0.052;0.512;0.084;0.443;0.01;0.428;0.012;0.385
69;71;npc_dota_hero_spirit_breaker;str;Melee;['Carry', 'Initiator', 'Disabler', 'Durable', 'Escape'];/apps/dota2/images/dota_react/heroes/spirit_breaker.png?;/apps/dota2/images/dota_react/heroes/icons/spirit_breaker.png?;120;1.25;75;0.5;1;25;31;41;28;17;14;3.3;1.7;1.8;150;900;1.9;100;0.6;295;;True;;1800;800;Spirit Breaker;21582;10979;73225;36807;116888;58205;123409;61175;86383;42854;44403;21894;20894;10160;10160;5073;242278;[44072, 43728, 36613, 35903, 35935, 37909, 8118];116914;[21415, 21071, 17626, 17244, 17309, 18354, 3895];287;143;400;553550;[96559, 96581, 82022, 80574, 86454, 88520, 22840];275847;[47905, 47937, 40603, 40183, 43102, 44499, 11618];0.014;0.437;0.069;0.482;0.349;0.473;0.449;0.508;0.12;0.491
70;72;npc_dota_hero_gyrocopter;agi;Ranged;['Carry', 'Nuker', 'Disabler'];/apps/dota2/images/dota_react/heroes/gyrocopter.png?;/apps/dota2/images/dota_react/heroes/icons/gyrocopter.png?;120;0.25;75;0;2;25;16;22;22;26;21;2.5;3.1;2.4;365;3000;1.7;125;0.2;320;;True;;1800;800;Gyrocopter;5137;2333;18846;8760;36789;16992;45712;21506;34615;16437;18519;8837;9127;4309;4446;2132;66853;[12723, 12272, 9820, 9993, 9711, 9904, 2430];30977;[5902, 5655, 4511, 4659, 4544, 4605, 1101];150;68;52;189518;[34675, 33630, 27515, 26816, 29284, 29571, 8027];88912;[16243, 15731, 12964, 12564, 13789, 13899, 3722];0.312;0.45;0.084;0.421;0.054;0.431;0.357;0.494;0.193;0.487
71;73;npc_dota_hero_alchemist;str;Melee;['Carry', 'Support', 'Durable', 'Disabler', 'Initiator', 'Nuker'];/apps/dota2/images/dota_react/heroes/alchemist.png?;/apps/dota2/images/dota_react/heroes/icons/alchemist.png?;120;0.25;75;0;0;25;27;33;23;22;25;2.7;1.5;1.8;150;900;1.7;100;0.35;295;;True;;1800;800;Alchemist;5079;2384;17088;7879;27460;12912;30201;14186;24146;11644;13848;6812;7954;3914;4500;2134;47127;[8918, 8581, 6795, 6810, 6917, 7386, 1720];21582;[4049, 3941, 3031, 3198, 3121, 3437, 805];115;50;31;146307;[26601, 25303, 20537, 20279, 22375, 24459, 6753];69499;[12629, 11948, 9719, 9545, 10448, 11892, 3318];0.376;0.481;0.211;0.484;0.292;0.456;0.068;0.489;0.053;0.502
72;74;npc_dota_hero_invoker;all;Ranged;['Carry', 'Nuker', 'Disabler', 'Escape', 'Pusher'];/apps/dota2/images/dota_react/heroes/invoker.png?;/apps/dota2/images/dota_react/heroes/icons/invoker.png?;120;0.5;75;0;-1;25;1;9;19;14;19;2.6;1.8;4;600;900;1.7;100;0.4;285;;True;;1800;800;Invoker;17616;8042;63057;29095;109790;51666;123126;58669;88359;42569;45592;22233;21770;10679;9099;4440;350596;[63757, 62944, 52572, 52106, 52063, 55777, 11377];167088;[30384, 29873, 25086, 24725, 24853, 26580, 5587];258;126;369;525801;[92256, 91794, 77786, 76334, 81956, 85527, 20148];249567;[43899, 43382, 36797, 36326, 38546, 40999, 9618];0.007;0.407;0.655;0.477;0.019;0.443;0.215;0.488;0.105;0.474
73;75;npc_dota_hero_silencer;int;Ranged;['Carry', 'Support', 'Disabler', 'Initiator', 'Nuker'];/apps/dota2/images/dota_react/heroes/silencer.png?;/apps/dota2/images/dota_react/heroes/icons/silencer.png?;120;0.25;75;0;0;25;18;32;19;22;25;2.2;2.4;2.9;600;900;1.6;100;0.5;290;;True;;1800;800;Silencer;13237;7024;56112;29351;91071;46826;88503;44789;53999;26867;23364;11423;9752;4715;2793;1332;148791;[26437, 26743, 22547, 22130, 22549, 22868, 5517];80423;[14269, 14450, 12214, 11996, 12155, 12333, 3006];77;35;83;368198;[64193, 63607, 53542, 53638, 58079, 59470, 15669];187794;[32795, 32244, 27197, 27307, 29617, 30638, 7996];0.022;0.485;0.2;0.495;0.032;0.485;0.396;0.513;0.349;0.502
74;76;npc_dota_hero_obsidian_destroyer;int;Ranged;['Carry', 'Nuker', 'Disabler'];/apps/dota2/images/dota_react/heroes/obsidian_destroyer.png?;/apps/dota2/images/dota_react/heroes/icons/obsidian_destroyer.png?;120;1;75;0;2.5;25;19;31;21;22;30;2.9;1.6;4.2;450;900;1.9;100;0.46;320;;True;;1800;800;Outworld Devourer;10064;5026;34629;17598;61817;32017;73651;38008;55764;28715;30296;15394;15624;7920;7107;3472;77368;[14381, 14334, 11560, 11203, 11269, 11994, 2627];39564;[7368, 7353, 5775, 5753, 5771, 6175, 1369];212;104;971;312696;[55481, 54276, 46191, 45521, 49095, 49432, 12700];160114;[28424, 27887, 23893, 23165, 25186, 25067, 6492];0.021;0.492;0.925;0.514;0.029;0.449;0.016;0.435;0.009;0.424
75;77;npc_dota_hero_lycan;all;Melee;['Carry', 'Pusher', 'Durable', 'Escape'];/apps/dota2/images/dota_react/heroes/lycan.png?;/apps/dota2/images/dota_react/heroes/icons/lycan.png?;120;0.25;75;0;0;25;4;9;26;18;23;3;1.8;1.2;150;900;1.7;110;0.55;305;;True;;1800;800;Lycan;1634;749;4571;2136;5950;2858;5345;2638;3721;1816;2036;1018;1221;629;693;351;21395;[4027, 3808, 3202, 3055, 3107, 3429, 767];10114;[1887, 1834, 1501, 1430, 1441, 1674, 347];21;11;49;29966;[4961, 5190, 4298, 4198, 4384, 5628, 1307];14506;[2295, 2551, 2117, 2008, 2071, 2827, 637];0.116;0.455;0.246;0.538;0.571;0.479;0.045;0.405;0.023;0.372
76;78;npc_dota_hero_brewmaster;all;Melee;['Carry', 'Initiator', 'Durable', 'Disabler', 'Nuker'];/apps/dota2/images/dota_react/heroes/brewmaster.png?;/apps/dota2/images/dota_react/heroes/icons/brewmaster.png?;120;0.5;75;0;0;25;9;16;23;19;15;3.7;2;1.6;150;900;1.7;100;0.35;310;;True;;1800;800;Brewmaster;1388;658;4164;1942;7016;3332;8601;4232;7292;3646;5096;2590;3506;1804;2575;1385;20734;[3876, 3692, 3073, 3064, 3052, 3241, 736];9486;[1814, 1662, 1406, 1402, 1369, 1496, 337];91;48;162;44068;[7607, 7638, 6226, 6204, 6598, 7810, 1985];21675;[3736, 3690, 3036, 3053, 3304, 3892, 964];0.018;0.435;0.082;0.5;0.8;0.504;0.065;0.502;0.036;0.472
77;79;npc_dota_hero_shadow_demon;int;Ranged;['Support', 'Disabler', 'Initiator', 'Nuker'];/apps/dota2/images/dota_react/heroes/shadow_demon.png?;/apps/dota2/images/dota_react/heroes/icons/shadow_demon.png?;120;0.25;75;0;0;25;29;33;23;18;22;2.6;2.2;3.6;500;900;1.7;100;0.35;290;;True;;1800;800;Shadow Demon;2285;974;7878;3554;14517;6721;17637;8356;14413;6930;8867;4409;4849;2429;3005;1527;28343;[5115, 5242, 4169, 4157, 4262, 4375, 1023];12137;[2168, 2183, 1779, 1800, 1832, 1911, 464];170;83;145;80745;[14834, 14072, 11881, 11725, 12468, 12536, 3229];38268;[7075, 6672, 5580, 5551, 5825, 5993, 1572];0.004;0.314;0.031;0.38;0.01;0.349;0.403;0.485;0.553;0.475
78;80;npc_dota_hero_lone_druid;all;Ranged;['Carry', 'Pusher', 'Durable'];/apps/dota2/images/dota_react/heroes/lone_druid.png?;/apps/dota2/images/dota_react/heroes/icons/lone_druid.png?;120;0.25;75;0;0;25;1;5;20;20;13;1.8;2;2;550;900;1.6;100;0.33;325;;True;;1800;800;Lone Druid;4152;2051;13095;6617;19877;10094;21001;10790;16927;8763;10683;5688;6220;3236;3820;2028;33889;[6211, 6156, 5061, 5227, 4970, 5189, 1075];14322;[2641, 2665, 2179, 2201, 2062, 2127, 447];96;54;434;106427;[19422, 19138, 15982, 15884, 16769, 15607, 3625];54604;[10089, 9903, 8317, 8143, 8533, 7797, 1822];0.123;0.491;0.605;0.561;0.236;0.487;0.021;0.413;0.014;0.409
79;81;npc_dota_hero_chaos_knight;str;Melee;['Carry', 'Disabler', 'Durable', 'Pusher', 'Initiator'];/apps/dota2/images/dota_react/heroes/chaos_knight.png?;/apps/dota2/images/dota_react/heroes/icons/chaos_knight.png?;120;0.25;75;0;2;25;24;54;24;18;18;3.2;1.4;1.2;150;900;1.7;100;0.5;325;;True;;1800;800;Chaos Knight;8612;4166;25514;12031;31307;14585;24441;11122;12547;5699;5353;2496;2125;976;769;379;58859;[10869, 10600, 8815, 8499, 8478, 9468, 2130];29509;[5485, 5217, 4446, 4259, 4243, 4785, 1074];40;16;33;130359;[22284, 22788, 18491, 18444, 19843, 22625, 5884];60946;[10351, 10579, 8601, 8572, 9230, 10836, 2777];0.252;0.473;0.032;0.48;0.67;0.457;0.03;0.418;0.015;0.427
80;82;npc_dota_hero_meepo;agi;Melee;['Carry', 'Escape', 'Nuker', 'Disabler', 'Initiator', 'Pusher'];/apps/dota2/images/dota_react/heroes/meepo.png?;/apps/dota2/images/dota_react/heroes/icons/meepo.png?;120;0.25;75;0.25;4;25;29;35;24;17;18;2.2;2.1;1.9;150;900;1.7;100;0.38;330;0.9;True;;1800;800;Meepo;7571;3981;18824;9926;25440;13713;27448;14885;22504;12367;14564;8110;9314;5268;6410;3602;66295;[12377, 11993, 10196, 10088, 9893, 9711, 2037];32896;[6242, 6023, 5096, 5057, 4895, 4619, 964];114;56;460;150936;[27492, 26858, 23284, 23160, 24590, 21048, 4504];81576;[14853, 14644, 12654, 12732, 13578, 10786, 2329];0.189;0.551;0.739;0.591;0.053;0.504;0.01;0.413;0.009;0.384
81;83;npc_dota_hero_treant;str;Melee;['Support', 'Initiator', 'Durable', 'Disabler', 'Escape'];/apps/dota2/images/dota_react/heroes/treant.png?;/apps/dota2/images/dota_react/heroes/icons/treant.png?;120;0.25;75;0.25;-1;25;60;68;25;15;20;3.4;1.8;1.8;150;900;1.9;100;0.6;280;;True;;1800;800;Treant Protector;5115;2571;18837;9439;30649;15522;33028;16830;24135;12483;13365;6968;8041;4281;4691;2530;57607;[10433, 10507, 8399, 8376, 8449, 9290, 2153];27324;[4886, 5020, 3886, 4029, 3987, 4500, 1016];115;65;87;150730;[26658, 26623, 21945, 21866, 22746, 24974, 5918];77181;[13672, 13749, 11291, 11006, 11535, 12938, 2990];0.008;0.354;0.004;0.408;0.031;0.433;0.332;0.512;0.624;0.524
82;84;npc_dota_hero_ogre_magi;str;Melee;['Support', 'Nuker', 'Disabler', 'Durable', 'Initiator'];/apps/dota2/images/dota_react/heroes/ogre_magi.png?;/apps/dota2/images/dota_react/heroes/icons/ogre_magi.png?;120;1.5;120;0;4;25;44;50;23;14;0;4.2;1.5;0;150;900;1.7;100;0.3;290;;True;;1800;800;Ogre Magi;20876;11150;80599;41846;121790;62193;113998;57771;67363;33824;29145;14505;10888;5392;3071;1480;280220;[50415, 50763, 42253, 41746, 42059, 42950, 10034];147576;[26497, 26717, 22230, 21921, 22238, 22682, 5291];167;82;17;494854;[85127, 85358, 72306, 72936, 77769, 80021, 21337];252756;[43287, 43500, 37117, 37072, 39486, 41350, 10944];0.013;0.448;0.096;0.498;0.161;0.481;0.352;0.516;0.378;0.511
83;85;npc_dota_hero_undying;str;Melee;['Support', 'Durable', 'Disabler', 'Nuker'];/apps/dota2/images/dota_react/heroes/undying.png?;/apps/dota2/images/dota_react/heroes/icons/undying.png?;120;-0.25;75;0.25;1;25;31;39;22;10;27;2.4;1.2;2.8;150;900;1.7;100;0.3;300;;True;;1800;800;Undying;10569;5464;41124;20992;63237;32565;59482;30615;36830;18760;17396;8865;8302;4287;3805;1912;102085;[18858, 18889, 15104, 15046, 14966, 15539, 3683];52668;[9760, 9751, 7730, 7820, 7728, 7957, 1922];183;81;148;264000;[46963, 46473, 38315, 37945, 40951, 42786, 10567];135283;[24018, 23932, 19636, 19343, 21086, 21913, 5355];0.012;0.444;0.015;0.422;0.203;0.488;0.395;0.529;0.375;0.522
84;86;npc_dota_hero_rubick;int;Ranged;['Support', 'Disabler', 'Nuker'];/apps/dota2/images/dota_react/heroes/rubick.png?;/apps/dota2/images/dota_react/heroes/icons/rubick.png?;120;0.25;75;0.5;1;25;27;33;21;23;25;2;2.5;3.7;550;1125;1.7;100;0.4;290;0.7;True;;1800;800;Rubick;12011;5363;50423;22373;99614;44366;124482;55584;99728;45299;56301;25883;28408;12997;13671;6512;237657;[43158, 43315, 35510, 35201, 35110, 36943, 8420];105547;[19275, 19221, 15698, 15522, 15473, 16561, 3797];375;177;193;518721;[90682, 90237, 76717, 75085, 80730, 84177, 21093];233990;[40789, 40603, 34488, 33751, 36564, 38065, 9730];0.005;0.323;0.1;0.411;0.017;0.378;0.523;0.46;0.355;0.445
85;87;npc_dota_hero_disruptor;int;Ranged;['Support', 'Disabler', 'Nuker', 'Initiator'];/apps/dota2/images/dota_react/heroes/disruptor.png?;/apps/dota2/images/dota_react/heroes/icons/disruptor.png?;120;0.25;75;0;0;25;27;31;21;15;20;2.4;1.4;2.9;625;1200;1.7;100;0.4;295;;True;;1800;800;Disruptor;5227;2563;23495;11664;46141;22855;53487;26501;39415;19613;20707;10226;9814;4802;3660;1762;58946;[10823, 10714, 8819, 8784, 8745, 8754, 2307];28466;[5114, 5200, 4235, 4269, 4241, 4271, 1136];96;45;32;216300;[37880, 37841, 31725, 31135, 33881, 34148, 9690];107083;[18626, 18681, 15918, 15365, 16729, 16973, 4791];0.003;0.374;0.01;0.463;0.004;0.414;0.3;0.496;0.683;0.491
86;88;npc_dota_hero_nyx_assassin;all;Melee;['Disabler', 'Nuker', 'Initiator', 'Escape'];/apps/dota2/images/dota_react/heroes/nyx_assassin.png?;/apps/dota2/images/dota_react/heroes/icons/nyx_assassin.png?;120;2;75;0;1;25;9;13;17;18;21;2.5;2.1;2.5;150;900;1.7;100;0.46;310;;True;;1800;800;Nyx Assassin;7010;3465;27079;13539;47830;23966;56959;28966;44647;22867;24233;12303;12206;6365;5902;3017;95955;[17496, 17432, 14074, 14296, 14184, 15075, 3398];45788;[8252, 8327, 6614, 6834, 6743, 7389, 1629];100;47;226;248133;[43563, 42770, 36409, 35546, 38363, 41055, 10427];125807;[22072, 21766, 18366, 17900, 19312, 21138, 5253];0.01;0.436;0.167;0.492;0.106;0.464;0.542;0.516;0.175;0.497
87;89;npc_dota_hero_naga_siren;agi;Melee;['Carry', 'Support', 'Pusher', 'Disabler', 'Initiator', 'Escape'];/apps/dota2/images/dota_react/heroes/naga_siren.png?;/apps/dota2/images/dota_react/heroes/icons/naga_siren.png?;120;1;75;0;1;25;23;25;21;21;21;2.4;3.3;2;150;900;1.7;110;0.5;330;;True;;1800;800;Naga Siren;5341;2746;13566;6678;17134;8235;15718;7492;11425;5420;6735;3219;3850;1858;3294;1619;39049;[7520, 7043, 5562, 5704, 5710, 6185, 1325];19249;[3670, 3471, 2758, 2756, 2840, 3105, 649];96;53;203;91035;[16851, 16430, 13125, 13115, 13946, 14211, 3357];44159;[8175, 7880, 6423, 6327, 6727, 6944, 1683];0.872;0.484;0.041;0.488;0.052;0.463;0.018;0.423;0.018;0.442
88;90;npc_dota_hero_keeper_of_the_light;int;Ranged;['Support', 'Nuker', 'Disabler'];/apps/dota2/images/dota_react/heroes/keeper_of_the_light.png?;/apps/dota2/images/dota_react/heroes/icons/keeper_of_the_light.png?;120;0.25;75;0;0;25;20;27;18;15;23;2.3;1.6;3.2;600;900;1.7;100;0.3;320;0.7;True;;1800;800;Keeper of the Light;3044;1348;10554;4796;16256;7366;17388;8036;12737;5951;7229;3475;3784;1815;2675;1321;33988;[6231, 6216, 5106, 5041, 4980, 5231, 1183];14394;[2580, 2648, 2189, 2136, 2069, 2252, 520];109;59;127;83208;[14699, 14438, 11991, 11985, 12823, 13719, 3553];38475;[6696, 6608, 5551, 5579, 5915, 6437, 1689];0.018;0.377;0.305;0.472;0.048;0.416;0.362;0.475;0.268;0.447
89;91;npc_dota_hero_wisp;all;Ranged;['Support', 'Escape', 'Nuker'];/apps/dota2/images/dota_react/heroes/wisp.png?;/apps/dota2/images/dota_react/heroes/icons/wisp.png?;120;0.25;75;0;1;25;4;10;17;14;23;2.7;1.6;1.7;500;1200;1.7;100;0.3;320;0.7;True;;1800;800;Io;4121;2051;12905;6409;20373;9967;22383;11139;16763;8436;10212;5274;5944;3193;3160;1688;64190;[12192, 11684, 9306, 9295, 9261, 10296, 2156];31649;[6071, 5726, 4576, 4565, 4545, 5130, 1036];108;46;109;106156;[18997, 18872, 15653, 15123, 15773, 18002, 3736];53236;[9376, 9505, 7903, 7472, 7961, 9111, 1908];0.012;0.431;0.044;0.45;0.012;0.432;0.255;0.509;0.676;0.519
90;92;npc_dota_hero_visage;all;Ranged;['Support', 'Nuker', 'Durable', 'Disabler', 'Pusher'];/apps/dota2/images/dota_react/heroes/visage.png?;/apps/dota2/images/dota_react/heroes/icons/visage.png?;120;0.25;75;0;-1;25;4;14;22;11;22;2.4;1;2.4;600;1400;1.7;110;0.4;285;;True;;1800;800;Visage;1655;776;4462;2169;7076;3569;7848;3989;6551;3335;4134;2230;3073;1655;2053;1101;22345;[4092, 4139, 3316, 3361, 3211, 3465, 761];10328;[1843, 1911, 1533, 1571, 1510, 1595, 365];85;59;142;41540;[7460, 7389, 6174, 5924, 6384, 6763, 1446];21083;[3824, 3744, 3142, 2985, 3236, 3399, 753];0.013;0.468;0.402;0.551;0.373;0.526;0.137;0.501;0.076;0.461
91;93;npc_dota_hero_slark;agi;Melee;['Carry', 'Escape', 'Disabler', 'Nuker'];/apps/dota2/images/dota_react/heroes/slark.png?;/apps/dota2/images/dota_react/heroes/icons/slark.png?;120;1.75;75;0;0;25;34;40;20;21;16;2.1;1.5;1.9;150;0;1.7;120;0.5;300;0.7;True;;1800;1800;Slark;20334;10524;74663;38466;126074;63880;138303;70172;100553;51430;55803;28902;29304;15243;15768;8448;209176;[38089, 37524, 30918, 30754, 31937, 32681, 7273];107585;[19637, 19348, 16171, 15888, 16692, 16257, 3592];339;176;866;616036;[107294, 107015, 91296, 91225, 98169, 96828, 24209];315963;[55750, 55059, 47416, 47467, 50902, 47650, 11719];0.904;0.516;0.041;0.53;0.03;0.487;0.009;0.448;0.017;0.41
92;94;npc_dota_hero_medusa;agi;Ranged;['Carry', 'Disabler', 'Durable'];/apps/dota2/images/dota_react/heroes/medusa.png?;/apps/dota2/images/dota_react/heroes/icons/medusa.png?;120;0.25;75;0;-1;25;26;32;0;22;25;0;3.6;3.4;600;1200;1.7;100;0.5;275;;True;;1800;800;Medusa;8613;4622;29878;15632;46205;24102;50329;26500;37066;19508;20728;10759;11035;5587;6169;3049;80402;[14551, 14592, 12065, 11937, 11843, 12469, 2945];45074;[8176, 8293, 6672, 6721, 6622, 6987, 1603];125;68;183;229439;[40814, 40450, 33821, 33346, 35936, 35849, 9223];119882;[21432, 21136, 17618, 17491, 18558, 18836, 4811];0.731;0.53;0.188;0.507;0.05;0.481;0.016;0.488;0.014;0.462
93;95;npc_dota_hero_troll_warlord;agi;Ranged;['Carry', 'Pusher', 'Disabler', 'Durable'];/apps/dota2/images/dota_react/heroes/troll_warlord.png?;/apps/dota2/images/dota_react/heroes/icons/troll_warlord.png?;120;0.25;75;0;-1;25;27;35;21;23;13;2.5;3.3;1;500;1200;1.7;100;0.3;290;;True;;1800;800;Troll Warlord;14357;7712;38393;20150;53100;27992;56373;29198;43368;22383;25758;13156;13882;6938;7491;3647;103314;[19023, 18368, 15123, 15276, 15208, 16798, 3518];54730;[10042, 9805, 7922, 8061, 8028, 9021, 1851];224;115;373;288894;[52464, 50795, 42053, 41726, 44094, 46982, 10780];150423;[27224, 26343, 21975, 21677, 22864, 24662, 5678];0.889;0.529;0.038;0.491;0.046;0.488;0.012;0.433;0.014;0.449
94;96;npc_dota_hero_centaur;str;Melee;['Durable', 'Initiator', 'Disabler', 'Nuker', 'Escape'];/apps/dota2/images/dota_react/heroes/centaur.png?;/apps/dota2/images/dota_react/heroes/icons/centaur.png?;120;5;75;0;-2;25;36;38;27;15;15;4;1;1.6;150;900;1.7;90;0.3;310;;True;;1800;800;Centaur Warrunner;6189;3230;27515;14296;52383;27266;64181;33765;50800;26791;29488;15413;16139;8457;8604;4412;64692;[11774, 11675, 9713, 9619, 9734, 9812, 2365];35000;[6430, 6323, 5222, 5218, 5263, 5281, 1263];409;227;351;273622;[48841, 47542, 40481, 40077, 42799, 42533, 11349];143197;[25602, 25090, 21217, 21050, 22204, 22150, 5884];0.007;0.478;0.014;0.521;0.935;0.524;0.029;0.491;0.016;0.505
95;97;npc_dota_hero_magnataur;all;Melee;['Initiator', 'Disabler', 'Nuker', 'Escape'];/apps/dota2/images/dota_react/heroes/magnataur.png?;/apps/dota2/images/dota_react/heroes/icons/magnataur.png?;120;0.5;75;0.5;1;25;9;17;25;9;19;3.1;2;1.6;200;900;1.8;100;0.5;305;0.8;True;;1800;800;Magnus;4696;2131;23394;10626;57494;26792;83077;39495;73752;35596;44132;21416;23106;11353;10651;5259;116516;[21286, 21145, 17419, 17535, 17271, 17807, 4053];52062;[9541, 9328, 7758, 7855, 7766, 7976, 1838];217;101;263;340506;[59964, 58895, 50549, 49649, 53186, 54578, 13685];162298;[28539, 27824, 24099, 23687, 25412, 26226, 6511];0.021;0.47;0.186;0.475;0.517;0.468;0.154;0.486;0.122;0.491
96;98;npc_dota_hero_shredder;all;Melee;['Nuker', 'Durable', 'Escape'];/apps/dota2/images/dota_react/heroes/shredder.png?;/apps/dota2/images/dota_react/heroes/icons/shredder.png?;120;0.25;75;0.5;0;25;4;8;27;16;23;3.5;1.3;2.7;150;900;1.7;100;0.36;285;;True;;1800;800;Timbersaw;10393;5388;32411;16889;51497;26524;61216;31458;49601;25291;30354;15247;17083;8556;11810;5872;88321;[16623, 16017, 13079, 13055, 12797, 13939, 2811];47818;[8981, 8651, 7098, 7160, 6968, 7442, 1518];335;173;753;292078;[53101, 51627, 42995, 41816, 44919, 46750, 10870];149821;[27393, 26414, 22077, 21368, 22957, 23973, 5639];0.014;0.493;0.2;0.528;0.759;0.512;0.018;0.473;0.008;0.466
97;99;npc_dota_hero_bristleback;str;Melee;['Carry', 'Durable', 'Initiator', 'Nuker'];/apps/dota2/images/dota_react/heroes/bristleback.png?;/apps/dota2/images/dota_react/heroes/icons/bristleback.png?;120;1;75;0.4;1;25;33;39;22;17;14;2.7;1.8;2.8;150;900;1.8;100;0.3;295;0.9;True;;1800;800;Bristleback;21380;11796;58654;30724;65880;32300;47781;22784;22314;10380;7691;3489;2539;1143;788;347;147732;[26933, 26506, 21657, 22130, 22015, 23471, 5020];85146;[15498, 15257, 12416, 12656, 12594, 13778, 2947];49;22;54;272159;[47937, 47641, 39570, 39612, 41948, 44498, 10953];137112;[24022, 24000, 19747, 19786, 21038, 22862, 5657];0.038;0.522;0.039;0.51;0.865;0.497;0.042;0.459;0.017;0.486
98;100;npc_dota_hero_tusk;str;Melee;['Initiator', 'Disabler', 'Nuker'];/apps/dota2/images/dota_react/heroes/tusk.png?;/apps/dota2/images/dota_react/heroes/icons/tusk.png?;120;1;75;0.5;1;25;27;31;23;23;18;3.9;2.1;1.7;150;900;1.7;100;0.36;310;0.7;True;;1800;800;Tusk;4739;2110;16293;7185;29494;13187;36656;16715;31413;14459;19143;8982;10536;4998;4977;2352;78662;[13968, 14056, 12075, 11848, 11513, 12230, 2972];34626;[6046, 6239, 5304, 5180, 5161, 5346, 1350];207;103;80;170260;[29434, 29192, 25427, 24694, 26586, 27109, 7818];77794;[13243, 13222, 11605, 11304, 12206, 12517, 3697];0.016;0.387;0.111;0.465;0.217;0.428;0.465;0.467;0.191;0.466
99;101;npc_dota_hero_skywrath_mage;int;Ranged;['Support', 'Nuker', 'Disabler'];/apps/dota2/images/dota_react/heroes/skywrath_mage.png?;/apps/dota2/images/dota_react/heroes/icons/skywrath_mage.png?;120;0.25;75;0;-2;25;16;26;21;13;23;2;0.8;4.1;625;1000;1.7;90;0.4;325;;True;;1800;800;Skywrath Mage;12146;6091;41178;20652;60560;29874;58314;28437;37201;18066;19039;9017;8833;4240;3455;1643;120401;[22292, 22400, 18164, 17773, 17533, 18223, 4016];60883;[11239, 11357, 9189, 8966, 8781, 9310, 2041];125;65;35;269086;[47508, 47683, 39280, 38792, 41648, 43243, 10932];132078;[23149, 23439, 19303, 18987, 20443, 21387, 5370];0.004;0.412;0.108;0.464;0.011;0.463;0.511;0.496;0.366;0.48
100;102;npc_dota_hero_abaddon;all;Melee;['Support', 'Carry', 'Durable'];/apps/dota2/images/dota_react/heroes/abaddon.png?;/apps/dota2/images/dota_react/heroes/icons/abaddon.png?;120;1;75;0.25;0;25;2;12;22;23;19;2.2;1.3;1.6;150;900;1.5;95;0.56;325;0.6;True;;1800;800;Abaddon;9424;5232;37225;20891;65475;36634;73473;40643;54034;29723;29477;15991;14820;8025;5569;2974;90848;[17276, 16978, 13577, 13350, 13052, 13575, 3040];51353;[9806, 9598, 7671, 7571, 7440, 7567, 1700];202;112;386;314038;[56331, 55952, 46722, 46006, 48751, 48236, 12040];173404;[31161, 30883, 25783, 25335, 26922, 26755, 6565];0.143;0.574;0.023;0.515;0.548;0.557;0.12;0.543;0.164;0.548
101;103;npc_dota_hero_elder_titan;str;Melee;['Initiator', 'Disabler', 'Nuker', 'Durable'];/apps/dota2/images/dota_react/heroes/elder_titan.png?;/apps/dota2/images/dota_react/heroes/icons/elder_titan.png?;120;0.75;75;0.25;0;25;23;33;26;16;23;3;1.8;1.6;150;900;1.7;100;0.35;310;;True;;1800;800;Elder Titan;1541;729;4973;2440;7194;3468;7395;3619;5122;2541;3005;1571;1761;921;1099;557;26227;[4573, 4476, 3680, 4013, 4169, 4332, 984];12698;[2200, 2172, 1785, 1961, 2026, 2087, 467];26;8;22;37947;[6302, 6306, 5370, 5836, 6114, 6471, 1548];18562;[3076, 3075, 2596, 2882, 2972, 3189, 772];0.038;0.46;0.06;0.486;0.428;0.477;0.264;0.519;0.21;0.527
102;104;npc_dota_hero_legion_commander;str;Melee;['Carry', 'Disabler', 'Initiator', 'Durable', 'Nuker'];/apps/dota2/images/dota_react/heroes/legion_commander.png?;/apps/dota2/images/dota_react/heroes/icons/legion_commander.png?;120;0.25;75;0;0;25;33;37;23;18;20;3.1;1.7;2.2;150;900;1.7;100;0.46;325;;True;;1800;800;Legion Commander;19764;9985;69893;34511;109602;54137;109415;53276;71577;34600;33516;16085;14432;7003;4769;2324;134685;[23939, 24245, 20266, 20157, 20166, 21004, 4908];61225;[10855, 10952, 9227, 9126, 9154, 9712, 2199];165;88;111;482638;[83694, 83745, 71178, 70357, 75365, 77770, 20529];236870;[40697, 40804, 34933, 34369, 36802, 39068, 10197];0.08;0.475;0.1;0.503;0.788;0.489;0.022;0.429;0.009;0.437
103;105;npc_dota_hero_techies;all;Ranged;['Nuker', 'Disabler'];/apps/dota2/images/dota_react/heroes/techies.png?;/apps/dota2/images/dota_react/heroes/icons/techies.png?;120;0.25;75;1;2;25;3;5;19;14;25;2.5;1.3;3;700;900;1.7;90;0.5;300;;True;;1800;800;Techies;11109;5585;37800;18877;62278;30694;69136;33783;51870;25329;29031;14084;15316;7483;9045;4523;113641;[20659, 20690, 17014, 17220, 16764, 17497, 3797];51222;[9171, 9313, 7702, 7754, 7567, 7962, 1753];275;129;181;311403;[54815, 53589, 46285, 45053, 48666, 50860, 12135];153398;[26734, 26390, 22672, 22284, 24006, 25339, 5973];0.006;0.373;0.05;0.447;0.017;0.426;0.52;0.5;0.407;0.488
104;106;npc_dota_hero_ember_spirit;agi;Melee;['Carry', 'Escape', 'Nuker', 'Disabler', 'Initiator'];/apps/dota2/images/dota_react/heroes/ember_spirit.png?;/apps/dota2/images/dota_react/heroes/icons/ember_spirit.png?;120;0.5;75;0;0;25;33;37;22;22;20;2.6;3.2;2.2;150;900;1.7;100;0.4;300;0.8;True;;1800;800;Ember Spirit;6874;3199;25416;12156;48876;24103;64925;32945;57266;29643;35521;18614;19398;10085;11205;5858;81650;[15233, 15025, 12267, 12148, 11850, 12431, 2696];37832;[7265, 7029, 5648, 5688, 5511, 5485, 1206];310;169;588;291385;[52892, 51822, 43846, 43479, 46349, 42617, 10380];147086;[27124, 26401, 22413, 22171, 23732, 20280, 4965];0.046;0.447;0.898;0.518;0.036;0.5;0.014;0.478;0.006;0.445
105;107;npc_dota_hero_earth_spirit;str;Melee;['Nuker', 'Escape', 'Disabler', 'Initiator', 'Durable'];/apps/dota2/images/dota_react/heroes/earth_spirit.png?;/apps/dota2/images/dota_react/heroes/icons/earth_spirit.png?;120;1;75;0;0;25;25;35;22;17;18;3.8;2.4;2.1;150;900;1.7;100;0.35;290;;True;;1800;800;Earth Spirit;1873;830;6606;3025;11935;5457;16016;7670;13240;6242;7587;3721;3798;1865;1862;920;36360;[6827, 6606, 5484, 5374, 5281, 5643, 1145];15646;[2977, 2830, 2348, 2283, 2259, 2448, 501];58;20;44;69736;[12348, 12417, 10270, 10043, 10749, 11219, 2690];32810;[5824, 5849, 4762, 4702, 5129, 5267, 1277];0.006;0.375;0.22;0.523;0.149;0.478;0.472;0.483;0.153;0.446
106;108;npc_dota_hero_abyssal_underlord;str;Melee;['Support', 'Nuker', 'Disabler', 'Durable', 'Escape'];/apps/dota2/images/dota_react/heroes/abyssal_underlord.png?;/apps/dota2/images/dota_react/heroes/icons/abyssal_underlord.png?;120;0.25;75;0;3;25;37;43;25;12;17;3;1.6;2.3;200;900;1.7;100;0.45;290;;True;;1800;800;Underlord;3066;1643;11291;6072;18272;9443;18692;9530;12199;6246;5723;2819;2482;1172;754;344;38659;[7146, 7086, 5659, 5858, 5644, 5751, 1515];21248;[3914, 3950, 3109, 3191, 3088, 3174, 822];54;33;28;80873;[14659, 14555, 11808, 11606, 12195, 12642, 3408];41756;[7718, 7550, 6074, 5975, 6295, 6436, 1708];0.015;0.468;0.034;0.491;0.818;0.515;0.085;0.511;0.048;0.542
107;109;npc_dota_hero_terrorblade;agi;Melee;['Carry', 'Pusher', 'Nuker'];/apps/dota2/images/dota_react/heroes/terrorblade.png?;/apps/dota2/images/dota_react/heroes/icons/terrorblade.png?;120;1.5;75;0;5;25;28;34;16;22;19;2;4;1.6;150;900;1.5;110;0.3;315;0.8;True;;1800;800;Terrorblade;3488;1566;9161;3907;11935;5149;11169;4860;7785;3453;4084;1883;2410;1144;1581;799;38361;[6896, 6816, 5481, 5511, 5421, 6827, 1409];17188;[3074, 3054, 2462, 2444, 2407, 3123, 624];65;33;32;62344;[10140, 10304, 8547, 8424, 8952, 12882, 3095];27665;[4528, 4563, 3707, 3608, 3913, 5957, 1389];0.873;0.444;0.029;0.396;0.041;0.415;0.03;0.423;0.027;0.416
108;110;npc_dota_hero_phoenix;all;Ranged;['Support', 'Nuker', 'Initiator', 'Escape', 'Disabler'];/apps/dota2/images/dota_react/heroes/phoenix.png?;/apps/dota2/images/dota_react/heroes/icons/phoenix.png?;120;2;75;0;-1;25;9;19;23;12;16;3.3;1.5;1.8;525;1100;1.7;100;0.35;280;0.9;True;;1800;800;Phoenix;2778;1289;11148;5373;21602;10470;27596;13552;23033;11280;13568;6596;8205;4031;4336;2085;40681;[7735, 7475, 5985, 5919, 5921, 6230, 1416];19173;[3685, 3502, 2847, 2809, 2813, 2892, 625];140;58;126;121509;[21840, 21315, 18063, 17601, 18688, 19373, 4629];59062;[10683, 10567, 8650, 8622, 9012, 9328, 2200];0.003;0.386;0.086;0.505;0.121;0.471;0.459;0.496;0.331;0.486
109;111;npc_dota_hero_oracle;int;Ranged;['Support', 'Nuker', 'Disabler', 'Escape'];/apps/dota2/images/dota_react/heroes/oracle.png?;/apps/dota2/images/dota_react/heroes/icons/oracle.png?;120;0.25;75;0.5;1;25;13;19;20;15;26;2.4;1.7;3.8;620;900;1.7;100;0.3;295;0.7;True;0;1800;800;Oracle;3042;1469;11818;6037;23913;12264;31896;16803;27661;14713;16767;8971;9664;5138;4872;2652;49888;[9122, 8970, 7525, 7470, 7225, 7848, 1728];25532;[4675, 4495, 3872, 3862, 3716, 4018, 894];110;51;112;137951;[23812, 24196, 20618, 19941, 21508, 22501, 5375];72189;[12367, 12775, 10767, 10472, 11159, 11897, 2752];0.004;0.401;0.035;0.472;0.006;0.422;0.25;0.533;0.705;0.526
110;112;npc_dota_hero_winter_wyvern;all;Ranged;['Support', 'Disabler', 'Nuker'];/apps/dota2/images/dota_react/heroes/winter_wyvern.png?;/apps/dota2/images/dota_react/heroes/icons/winter_wyvern.png?;120;0.25;75;0.5;1;25;-4;1;20;16;26;2.2;1.5;2.8;425;700;1.7;90;0.25;285;;True;;1800;800;Winter Wyvern;5710;2846;23177;11690;40446;20338;46665;23732;38169;19642;24141;12539;14342;7574;8992;4770;78631;[14350, 14704, 12039, 11564, 11404, 11876, 2694];41170;[7467, 7697, 6351, 6112, 5875, 6272, 1396];251;131;506;218561;[39723, 39472, 32513, 32103, 33401, 33503, 7846];111569;[20249, 20005, 16748, 16356, 17139, 17040, 4032];0.014;0.534;0.146;0.537;0.18;0.543;0.298;0.505;0.362;0.49
111;113;npc_dota_hero_arc_warden;agi;Ranged;['Carry', 'Escape', 'Nuker'];/apps/dota2/images/dota_react/heroes/arc_warden.png?;/apps/dota2/images/dota_react/heroes/icons/arc_warden.png?;120;0.25;75;0;0;25;31;37;22;20;24;2.6;3;2.6;625;900;1.7;100;0.3;285;0.7;True;;1800;800;Arc Warden;12983;6734;38420;20661;53436;29047;51685;28256;36711;19958;20657;11143;11421;6156;5969;3153;120817;[22104, 21841, 18243, 18304, 18022, 18825, 3478];64651;[11947, 11768, 9895, 9876, 9615, 9756, 1794];202;108;520;262844;[47861, 46713, 39236, 38746, 41447, 41134, 7707];141668;[25779, 25193, 21342, 21128, 22581, 21589, 4056];0.193;0.511;0.767;0.572;0.012;0.501;0.016;0.465;0.012;0.458
112;114;npc_dota_hero_monkey_king;agi;Melee;['Carry', 'Escape', 'Disabler', 'Initiator'];/apps/dota2/images/dota_react/heroes/monkey_king.png?;/apps/dota2/images/dota_react/heroes/icons/monkey_king.png?;120;1;75;0;2;25;29;33;18;24;20;2.8;3.7;1.8;300;900;1.7;100;0.45;300;;True;;1800;800;Monkey King;11884;5257;35026;15120;52884;23024;57819;25360;43375;19367;24186;10988;13145;6151;6895;3309;120520;[22337, 21391, 17892, 17852, 17694, 19127, 4227];54366;[10062, 9575, 8070, 8089, 8003, 8643, 1924];141;68;124;278556;[48681, 48772, 41068, 40456, 42887, 45810, 10882];123877;[21519, 21705, 18176, 17853, 19048, 20593, 4983];0.549;0.44;0.221;0.475;0.078;0.428;0.113;0.427;0.04;0.4
113;119;npc_dota_hero_dark_willow;all;Ranged;['Support', 'Nuker', 'Disabler', 'Escape'];/apps/dota2/images/dota_react/heroes/dark_willow.png?;/apps/dota2/images/dota_react/heroes/icons/dark_willow.png?;120;0.75;75;0;0;25;5;13;20;18;21;2;1.3;2.6;475;1200;1.5;115;0.3;290;0.7;True;;1800;800;Dark Willow;9338;4456;25578;12114;35834;17014;36571;17664;25918;12811;14008;6997;7237;3535;3581;1786;108764;[20092, 19927, 16266, 16180, 16084, 16788, 3427];53638;[10000, 9755, 8028, 7999, 7944, 8244, 1668];146;68;137;176367;[31319, 31199, 25848, 25556, 27361, 28396, 6688];85196;[15184, 15032, 12572, 12053, 13405, 13674, 3276];0.027;0.436;0.089;0.462;0.028;0.452;0.446;0.491;0.41;0.482
114;120;npc_dota_hero_pangolier;all;Melee;['Carry', 'Nuker', 'Disabler', 'Durable', 'Escape', 'Initiator'];/apps/dota2/images/dota_react/heroes/pangolier.png?;/apps/dota2/images/dota_react/heroes/icons/pangolier.png?;120;0.75;75;0;2;25;8;14;19;18;16;2.7;2.5;1.9;150;900;1.7;100;0.33;295;0.9;True;;1800;800;Pangolier;2394;1010;7845;3349;14736;6442;19289;8459;17549;7897;11727;5404;7164;3328;5222;2537;38218;[7192, 6910, 5501, 5752, 5426, 6126, 1311];16112;[3037, 2978, 2342, 2398, 2293, 2501, 563];174;97;249;94378;[16827, 16553, 13762, 13771, 14698, 15072, 3695];42080;[7651, 7423, 6132, 6107, 6624, 6548, 1595];0.014;0.376;0.669;0.469;0.259;0.44;0.043;0.418;0.014;0.383
115;121;npc_dota_hero_grimstroke;int;Ranged;['Support', 'Nuker', 'Disabler', 'Escape'];/apps/dota2/images/dota_react/heroes/grimstroke.png?;/apps/dota2/images/dota_react/heroes/icons/grimstroke.png?;120;0.25;75;0;0;25;21;25;21;18;25;2.4;1.9;3.8;600;900;1.7;100;0.35;290;;True;;1800;800;Grimstroke;6558;3186;26639;13098;49699;24632;59913;29569;47299;23673;26648;13280;13704;6682;6485;3151;61662;[11387, 11272, 9176, 9052, 9105, 9598, 2072];30239;[5520, 5435, 4534, 4429, 4517, 4777, 1027];476;249;322;252846;[45630, 44408, 36820, 36527, 39102, 41009, 9350];125209;[22808, 22055, 18113, 18137, 19194, 20257, 4645];0.004;0.382;0.011;0.468;0.008;0.424;0.401;0.499;0.576;0.493
116;123;npc_dota_hero_hoodwink;agi;Ranged;['Support', 'Nuker', 'Escape', 'Disabler'];/apps/dota2/images/dota_react/heroes/hoodwink.png?;/apps/dota2/images/dota_react/heroes/icons/hoodwink.png?;120;0.25;75;0;0;25;22;29;17;24;21;2;3.6;2.9;575;1800;2;100;0.4;310;0.9;True;;1800;800;Hoodwink;14567;7292;54661;27587;99759;50585;120694;61165;95441;48491;56576;28795;30339;15636;18758;9469;199715;[35127, 34323, 29251, 30573, 30198, 33147, 7096];100506;[17712, 17406, 14746, 15381, 15186, 16510, 3565];523;250;407;528673;[91556, 90413, 77878, 77715, 83996, 86796, 20319];268067;[46560, 46052, 39605, 39576, 42701, 43442, 10131];0.018;0.467;0.07;0.5;0.035;0.485;0.57;0.515;0.308;0.496
117;126;npc_dota_hero_void_spirit;all;Melee;['Carry', 'Escape', 'Nuker', 'Disabler'];/apps/dota2/images/dota_react/heroes/void_spirit.png?;/apps/dota2/images/dota_react/heroes/icons/void_spirit.png?;120;0.25;75;0.6;-1;25;4;8;21;19;24;2.3;2.2;2.5;200;900;1.7;100;0.35;290;0.7;True;;1800;800;Void Spirit;4188;2062;13222;6557;23939;11992;30691;15520;26671;13427;16756;8574;9167;4572;4583;2251;63494;[11884, 11312, 9512, 9465, 9334, 9913, 2074];31175;[5943, 5647, 4709, 4563, 4561, 4777, 975];151;72;154;141884;[26150, 25149, 20933, 20434, 21746, 22129, 5343];71180;[13288, 12535, 10606, 10285, 10938, 10874, 2654];0.033;0.455;0.847;0.511;0.081;0.49;0.027;0.432;0.012;0.433
118;128;npc_dota_hero_snapfire;all;Ranged;['Support', 'Nuker', 'Disabler', 'Escape'];/apps/dota2/images/dota_react/heroes/snapfire.png?;/apps/dota2/images/dota_react/heroes/icons/snapfire.png?;120;0.75;75;0;1;25;4;10;21;16;21;3.2;1.2;2.1;500;1800;1.6;100;0.35;300;;True;;1800;800;Snapfire;5028;2210;19382;8607;37343;16775;46094;20696;35796;16177;19665;8797;9540;4287;4120;1875;74135;[13657, 13613, 11109, 11017, 10870, 11330, 2539];32330;[5938, 5916, 4819, 4794, 4824, 4946, 1093];177;83;54;191340;[33879, 33763, 27784, 27732, 29615, 30780, 7787];85936;[15270, 14986, 12475, 12378, 13215, 14051, 3561];0.018;0.38;0.189;0.416;0.103;0.403;0.421;0.465;0.268;0.459
119;129;npc_dota_hero_mars;str;Melee;['Carry', 'Initiator', 'Disabler', 'Durable'];/apps/dota2/images/dota_react/heroes/mars.png?;/apps/dota2/images/dota_react/heroes/icons/mars.png?;120;0.25;75;0.5;-1;25;26;34;23;20;21;3.7;1.7;2.2;250;900;1.8;100;0.4;310;0.8;True;;1800;800;Mars;4784;2184;19820;9207;44102;20867;63519;30086;58421;27467;37726;17887;21233;10044;11505;5315;80464;[15234, 14365, 11926, 11823, 11450, 12626, 3040];38196;[7218, 6909, 5615, 5680, 5401, 5897, 1476];343;161;197;278358;[50171, 48545, 40423, 39685, 42488, 44987, 12059];131372;[23680, 22850, 18968, 18741, 20114, 21355, 5664];0.009;0.432;0.063;0.491;0.887;0.471;0.028;0.464;0.013;0.478
120;135;npc_dota_hero_dawnbreaker;str;Melee;['Carry', 'Durable'];/apps/dota2/images/dota_react/heroes/dawnbreaker.png?;/apps/dota2/images/dota_react/heroes/icons/dawnbreaker.png?;120;0.25;75;0;2;25;29;33;25;14;20;3.4;1.7;2;150;900;1.7;100;0.46;300;0.6;True;;1800;800;Dawnbreaker;3816;1821;13457;6525;24589;11949;30130;14585;24237;11950;14077;7060;7225;3647;3442;1680;44011;[8406, 7951, 6521, 6458, 6472, 6765, 1438];20677;[4006, 3705, 3050, 2988, 3008, 3220, 700];133;67;123;132734;[23740, 23505, 19339, 19029, 20318, 21451, 5352];64877;[11688, 11337, 9389, 9309, 9959, 10538, 2657];0.017;0.461;0.068;0.49;0.764;0.483;0.1;0.52;0.051;0.532
121;136;npc_dota_hero_marci;all;Melee;['Support', 'Carry', 'Initiator', 'Disabler', 'Escape'];/apps/dota2/images/dota_react/heroes/marci.png?;/apps/dota2/images/dota_react/heroes/icons/marci.png?;120;0.25;75;0;0;25;7;13;23;20;19;3;1.8;1.5;150;0;1.7;100;0.3;315;0.9;True;;1800;800;Marci;6789;3086;20925;9627;34190;16306;39394;18950;32268;15785;19528;9704;11138;5568;5775;2885;83614;[16173, 15770, 12673, 12032, 11834, 12435, 2697];38895;[7531, 7307, 5982, 5526, 5507, 5804, 1238];144;74;108;189632;[35376, 34634, 28581, 27251, 27746, 29329, 6715];91323;[17034, 16528, 13641, 13092, 13356, 14335, 3337];0.116;0.499;0.117;0.501;0.188;0.485;0.295;0.469;0.284;0.487
122;137;npc_dota_hero_primal_beast;str;Melee;['Initiator', 'Durable', 'Disabler'];/apps/dota2/images/dota_react/heroes/primal_beast.png?;/apps/dota2/images/dota_react/heroes/icons/primal_beast.png?;120;0.25;75;0;2;25;36;38;26;15;16;4.3;1;1.7;150;900;1.8;100;0.6;310;0.6;True;;1800;800;Primal Beast;4686;2218;16523;7826;28206;13353;32304;15319;24748;11770;13862;6544;6928;3289;3630;1742;57441;[10897, 10348, 8600, 8383, 8447, 8797, 1969];28184;[5449, 5050, 4170, 4080, 4188, 4277, 970];156;79;229;145056;[25946, 24899, 21971, 21429, 22309, 22878, 5624];68861;[12201, 11868, 10450, 10199, 10563, 10895, 2685];0.007;0.398;0.179;0.499;0.729;0.469;0.061;0.445;0.024;0.453
123;138;npc_dota_hero_muerta;int;Ranged;['Carry', 'Nuker', 'Disabler'];/apps/dota2/images/dota_react/heroes/muerta.png?;/apps/dota2/images/dota_react/heroes/icons/muerta.png?;120;0.25;75;0;-1;25;24;32;19;20;24;2;2.7;3.3;575;3000;1.6;100;0.35;295;0.7;True;;1800;800;Muerta;7259;3543;18558;9068;25879;12583;26346;12691;19022;9153;10932;5233;5316;2555;2480;1213;81813;[15300, 14984, 12208, 12259, 11846, 12580, 2636];42688;[8017, 7859, 6394, 6474, 6103, 6506, 1335];61;31;30;133157;[23879, 23754, 19787, 19270, 20443, 20977, 5047];64595;[11662, 11514, 9583, 9398, 9849, 10228, 2361];0.472;0.502;0.208;0.486;0.055;0.471;0.174;0.477;0.091;0.454
